order_id,user_id,product_id,order_date,amount
1,21,434,2023-10-09,2419.65
2,498,97,2023-08-25,2409.17
3,134,149,2023-10-12,1386.66
4,199,238,2023-10-28,118.36
5,639,265,2023-10-26,2388.76
6,935,276,2023-10-26,922.15
7,454,378,2023-12-09,1446.12
8,832,290,2023-11-25,2195.96
9,363,201,2023-04-14,838.38
10,131,91,2023-08-24,1761.06
11,470,96,2023-03-13,2349.55
12,310,369,2023-02-21,1005.34
13,396,401,2023-12-28,1445.96
14,789,63,2023-08-06,2142.14
15,802,491,2023-07-21,146.13
16,459,290,2023-10-20,1988.7
17,133,156,2023-02-24,30.0
18,741,351,2023-09-28,135.95
19,290,60,2023-10-25,910.67
20,187,168,2023-10-12,1472.98
21,198,245,2023-01-02,2138.29
22,626,237,2023-01-09,746.07
23,477,127,2023-05-22,2410.19
24,620,75,2023-06-26,2400.3
25,163,223,2023-09-11,1875.52
26,416,470,2023-02-13,1263.3
27,33,397,2023-06-22,2413.8
28,746,433,2023-04-14,1710.29
29,412,405,2023-05-09,557.09
30,897,291,2023-05-05,1461.98
31,130,127,2023-05-31,828.12
32,11,262,2023-02-19,223.73
33,689,350,2023-11-09,1821.59
34,474,395,2023-09-17,311.27
35,803,492,2023-04-02,325.9
36,989,333,2023-01-05,2459.27
37,77,54,2023-12-25,911.23
38,789,165,2023-07-15,2109.14
39,339,118,2023-01-23,1290.23
40,939,473,2023-04-03,1461.74
41,940,209,2023-02-17,866.49
42,105,5,2023-08-05,2113.1
43,16,109,2023-04-10,1790.26
44,130,386,2023-03-02,2095.09
45,484,411,2023-11-07,840.89
46,424,196,2023-10-09,252.41
47,613,465,2023-04-28,949.14
48,712,224,2023-12-14,2127.64
49,64,197,2023-10-27,196.42
50,560,373,2023-07-23,1301.95
51,445,1,2023-05-19,1523.48
52,830,141,2023-11-03,1816.02
53,994,153,2023-12-30,170.13
54,56,438,2023-04-05,1493.68
55,212,168,2023-06-23,731.95
56,150,283,2023-05-22,1568.34
57,36,287,2023-02-02,2411.46
58,276,174,2023-04-10,267.79
59,95,27,2023-12-24,2248.85
60,777,213,2023-04-21,743.24
61,869,368,2023-07-09,2455.82
62,751,123,2023-02-15,1801.71
63,63,144,2023-10-07,2043.32
64,720,176,2023-10-01,1688.15
65,457,76,2023-05-17,473.84
66,464,215,2023-11-09,1303.19
67,133,272,2023-08-30,1680.11
68,775,36,2023-01-29,427.05
69,4,312,2023-06-03,1533.2
70,334,221,2023-05-27,2390.47
71,565,384,2023-11-29,1053.82
72,167,394,2023-05-07,1883.95
73,648,264,2023-05-03,1981.66
74,684,304,2023-05-22,78.31
75,874,49,2023-05-06,1823.65
76,666,143,2023-09-03,1479.75
77,623,79,2023-03-07,133.23
78,630,39,2023-04-14,1916.47
79,673,52,2023-02-19,86.05
80,828,454,2023-11-23,1488.69
81,195,428,2023-12-18,349.36
82,16,290,2023-11-02,449.27
83,890,243,2023-07-20,2173.4
84,692,52,2023-05-05,875.49
85,969,5,2023-09-14,417.75
86,763,229,2023-07-17,975.25
87,38,454,2023-10-23,1553.25
88,180,492,2023-03-26,467.3
89,924,375,2023-09-16,644.26
90,489,202,2023-07-27,2283.47
91,972,285,2023-06-16,2178.61
92,486,46,2023-02-15,1042.84
93,404,404,2023-05-16,1312.82
94,480,70,2023-04-17,538.45
95,578,485,2023-04-30,1926.38
96,949,154,2023-05-07,288.58
97,558,487,2023-06-28,581.15
98,616,98,2023-08-20,2001.19
99,768,431,2023-12-25,1377.13
100,466,147,2023-04-08,1362.3
101,483,311,2023-06-16,1847.32
102,107,494,2023-05-16,2080.34
103,794,372,2023-10-03,1275.6
104,462,318,2023-12-25,1935.36
105,971,43,2023-08-07,2064.61
106,457,84,2023-05-04,217.96
107,381,22,2023-06-22,2394.98
108,466,409,2023-02-14,1559.25
109,917,393,2023-02-15,1924.57
110,621,145,2023-01-19,132.47
111,655,141,2023-09-30,1259.29
112,710,306,2023-04-04,1663.97
113,626,274,2023-03-15,2245.89
114,495,471,2023-04-07,1672.69
115,947,171,2023-04-10,795.52
116,958,155,2023-02-10,810.23
117,282,343,2023-02-09,998.27
118,805,255,2023-09-18,946.48
119,464,204,2023-12-24,590.71
120,880,129,2023-07-17,1197.1
121,69,331,2023-04-26,857.79
122,389,36,2023-02-17,1911.39
123,774,97,2023-09-01,972.46
124,572,362,2023-10-30,2200.44
125,750,380,2023-08-26,836.1
126,891,229,2023-10-30,311.01
127,685,133,2023-04-05,2257.15
128,622,462,2023-09-15,1228.51
129,688,67,2023-12-22,799.7
130,115,153,2023-03-24,575.0
131,18,242,2023-04-17,2001.07
132,812,177,2023-01-17,1032.27
133,898,64,2023-02-03,942.19
134,82,237,2023-09-22,855.35
135,940,108,2023-05-16,527.74
136,723,418,2023-07-21,1039.34
137,866,86,2023-10-27,291.71
138,500,65,2023-02-24,866.96
139,611,393,2023-04-25,1724.28
140,35,160,2023-09-19,1586.02
141,506,359,2023-06-06,1089.05
142,736,459,2023-12-17,1571.01
143,41,57,2023-02-22,1022.65
144,892,426,2023-12-20,983.83
145,74,385,2023-10-13,1742.82
146,967,278,2023-08-25,989.82
147,871,134,2023-10-24,1534.52
148,262,362,2023-08-25,1589.08
149,622,364,2023-07-02,1294.62
150,641,229,2023-01-03,1286.34
151,943,368,2023-09-14,1382.61
152,959,465,2023-11-20,440.67
153,54,181,2023-04-11,1298.96
154,89,390,2023-07-28,1518.91
155,196,87,2023-11-03,830.95
156,828,312,2023-02-23,1461.34
157,508,80,2023-12-02,1749.22
158,464,321,2023-05-18,117.8
159,712,163,2023-12-25,774.12
160,61,344,2023-01-15,1400.96
161,792,87,2023-02-10,2142.79
162,826,176,2023-07-31,2226.57
163,515,209,2023-01-26,588.15
164,638,449,2023-05-07,2125.64
165,265,419,2023-12-21,904.87
166,323,405,2023-06-04,2198.99
167,376,321,2023-04-27,2352.17
168,868,409,2023-08-12,1556.79
169,408,251,2023-12-23,1770.47
170,151,178,2023-12-04,1012.88
171,618,324,2023-04-12,547.17
172,998,447,2023-03-24,1645.49
173,715,239,2023-02-10,1933.98
174,311,481,2023-04-22,984.79
175,166,447,2023-08-24,2435.62
176,32,135,2023-11-01,1031.25
177,413,428,2023-08-18,511.27
178,146,150,2023-10-11,2436.01
179,936,434,2023-06-29,1997.58
180,130,50,2023-02-27,1624.33
181,787,129,2023-02-06,1151.27
182,128,21,2023-03-12,1499.32
183,250,111,2023-07-28,2280.66
184,240,216,2023-10-02,2416.29
185,827,95,2023-03-20,2132.28
186,619,122,2023-09-09,2008.65
187,859,279,2023-11-06,2210.13
188,263,237,2023-12-10,2076.25
189,511,95,2023-01-05,1779.59
190,327,221,2023-06-23,1326.72
191,455,413,2023-08-14,2130.19
192,362,216,2023-03-25,1396.63
193,435,227,2023-10-17,1561.57
194,841,313,2023-08-29,76.51
195,132,397,2023-10-30,2073.6
196,17,301,2023-05-11,1132.51
197,754,455,2023-04-06,1988.58
198,971,222,2023-01-17,1989.47
199,176,131,2023-07-21,1744.36
200,348,479,2023-07-03,2137.83
201,383,389,2023-12-27,867.34
202,858,34,2023-12-11,107.49
203,528,57,2023-04-15,2056.52
204,888,456,2023-11-04,2474.45
205,636,38,2023-07-21,129.55
206,620,381,2023-03-19,1554.03
207,10,37,2023-12-21,567.22
208,203,292,2023-04-20,2336.33
209,644,44,2023-06-11,131.4
210,170,185,2023-11-12,849.65
211,383,361,2023-05-23,1258.97
212,279,350,2023-01-02,2107.1
213,396,321,2023-05-11,86.29
214,299,397,2023-08-05,184.05
215,525,189,2023-08-19,332.17
216,515,330,2023-10-10,2001.94
217,489,363,2023-06-24,1957.29
218,681,194,2023-09-27,1325.04
219,433,140,2023-01-25,2034.07
220,776,491,2023-01-22,1104.54
221,416,114,2023-12-17,1533.03
222,420,321,2023-01-13,214.6
223,963,403,2023-11-06,2210.88
224,851,153,2023-03-02,1275.13
225,949,83,2023-11-29,2409.04
226,855,153,2023-10-15,1849.15
227,758,53,2023-02-02,1106.38
228,3,25,2023-11-08,2260.43
229,114,148,2023-06-23,2138.28
230,22,224,2023-02-28,534.42
231,26,336,2023-03-07,2138.3
232,704,74,2023-09-10,1783.73
233,221,166,2023-08-21,1261.83
234,759,415,2023-12-17,2480.89
235,266,327,2023-08-02,217.82
236,764,467,2023-09-18,2015.35
237,438,143,2023-02-02,2025.58
238,863,276,2023-12-24,2165.19
239,346,182,2023-03-10,1186.92
240,111,352,2023-11-26,937.27
241,406,188,2023-05-02,2149.61
242,34,57,2023-03-27,2412.12
243,579,106,2023-07-28,2253.93
244,505,61,2023-10-27,1249.19
245,458,460,2023-11-10,24.95
246,829,424,2023-06-25,1325.28
247,99,500,2023-02-14,1977.06
248,765,396,2023-07-09,2139.97
249,540,494,2023-12-04,1730.7
250,496,336,2023-07-04,433.47
251,838,193,2023-01-05,1215.87
252,218,202,2023-01-28,1853.15
253,704,342,2023-12-07,1389.38
254,544,493,2023-01-22,375.32
255,733,408,2023-05-27,664.36
256,669,212,2023-08-14,356.0
257,708,123,2023-07-27,2155.41
258,99,391,2023-12-27,1859.94
259,507,404,2023-05-20,1584.9
260,990,447,2023-02-25,43.39
261,269,284,2023-06-26,1950.28
262,306,222,2023-08-14,1974.42
263,41,101,2023-11-27,1623.88
264,431,144,2023-08-29,934.26
265,768,267,2023-06-22,492.21
266,777,295,2023-07-08,1291.58
267,123,155,2023-11-10,1822.62
268,179,123,2023-10-24,895.09
269,70,494,2023-12-30,1097.13
270,865,487,2023-03-18,2061.22
271,831,406,2023-07-08,2195.48
272,769,282,2023-09-20,226.28
273,422,372,2024-01-01,1949.18
274,527,303,2023-08-22,2048.28
275,459,482,2023-07-27,19.05
276,738,238,2023-10-22,1068.8
277,73,343,2023-04-23,1583.33
278,225,235,2023-01-15,1037.31
279,297,451,2023-09-20,2203.73
280,796,240,2023-10-01,1353.72
281,149,458,2023-05-28,628.41
282,459,305,2023-12-05,176.9
283,396,107,2023-11-07,1783.08
284,864,458,2023-12-31,1673.85
285,826,39,2023-04-09,1829.15
286,519,159,2023-05-27,2413.63
287,331,495,2023-04-23,1065.51
288,973,49,2023-04-10,1909.96
289,903,24,2023-04-17,1189.89
290,492,412,2023-10-09,546.07
291,189,490,2023-12-14,1088.33
292,763,169,2023-06-28,2381.58
293,89,417,2023-05-14,1151.13
294,45,449,2023-05-10,2160.34
295,575,57,2023-02-16,70.77
296,819,352,2023-05-17,2105.29
297,490,164,2023-11-20,1478.3
298,585,255,2023-07-17,1842.01
299,645,463,2023-11-16,1494.43
300,689,375,2023-05-14,458.63
301,271,291,2023-07-07,2252.68
302,581,142,2023-10-08,529.2
303,889,412,2023-03-06,1280.84
304,142,276,2023-08-24,1450.29
305,588,495,2023-03-19,1934.59
306,262,481,2023-01-29,710.18
307,903,96,2023-08-17,2326.92
308,489,56,2023-11-07,1873.88
309,794,55,2023-04-18,209.61
310,248,435,2023-09-15,59.7
311,905,13,2023-09-19,1714.43
312,570,249,2023-04-25,884.58
313,533,405,2023-12-03,1454.06
314,715,342,2023-12-10,1647.04
315,234,195,2023-03-20,1701.67
316,125,142,2023-04-09,1043.23
317,304,237,2023-03-17,1168.03
318,408,451,2023-08-19,1475.09
319,295,132,2023-03-25,1305.48
320,441,410,2023-06-29,669.34
321,258,417,2023-10-15,947.68
322,550,40,2023-09-07,238.43
323,943,456,2023-06-15,115.96
324,270,327,2023-02-18,1384.12
325,196,221,2023-08-09,1692.07
326,491,237,2023-08-29,44.08
327,546,305,2023-01-16,1776.32
328,47,183,2023-04-23,387.69
329,818,356,2023-10-12,995.78
330,66,265,2023-11-03,774.08
331,636,2,2023-03-31,133.39
332,135,81,2023-03-26,1097.06
333,807,86,2023-05-21,168.41
334,13,134,2023-09-06,886.44
335,487,375,2023-03-16,911.8
336,901,438,2023-09-21,1196.32
337,524,421,2023-12-10,2093.09
338,675,37,2023-01-10,1725.36
339,77,265,2023-07-06,83.24
340,456,222,2023-04-12,2337.92
341,151,322,2023-12-11,1553.38
342,413,305,2023-03-31,116.89
343,671,184,2023-10-21,723.38
344,819,436,2023-04-05,679.08
345,33,155,2023-01-30,1761.2
346,245,274,2023-02-09,852.86
347,309,80,2023-11-28,1385.58
348,429,488,2023-07-07,544.28
349,296,369,2023-03-04,1577.24
350,663,472,2023-10-25,1243.96
351,936,311,2023-04-17,409.73
352,587,315,2023-06-13,505.74
353,531,39,2023-02-28,2089.21
354,669,143,2023-04-18,1089.41
355,939,151,2023-05-22,1630.77
356,902,267,2023-06-11,1064.42
357,701,278,2023-09-26,874.1
358,463,379,2023-01-11,2100.53
359,255,241,2023-02-05,1800.41
360,84,129,2023-06-18,2429.94
361,984,496,2023-10-31,313.23
362,26,355,2023-01-24,1285.41
363,834,260,2023-02-11,1360.87
364,359,253,2023-09-22,94.91
365,125,111,2023-04-23,1543.8
366,765,336,2023-12-01,564.42
367,202,406,2023-03-03,2292.22
368,959,216,2023-04-30,309.95
369,66,124,2023-02-09,331.04
370,928,259,2023-05-27,1311.5
371,490,61,2023-04-22,568.13
372,331,135,2023-04-28,2403.03
373,18,107,2023-04-29,549.77
374,680,165,2023-05-18,952.11
375,547,273,2023-07-07,1392.37
376,520,254,2023-05-08,1302.43
377,405,135,2023-12-26,851.75
378,604,261,2023-02-27,953.2
379,220,227,2023-09-30,506.67
380,941,113,2023-12-22,338.78
381,269,244,2023-02-10,1268.87
382,484,239,2023-03-18,1872.21
383,591,271,2023-09-21,1613.42
384,597,272,2023-04-08,529.45
385,45,161,2023-06-28,307.8
386,667,141,2023-06-20,1913.52
387,558,497,2023-04-22,2081.88
388,838,72,2023-08-21,2189.55
389,801,168,2023-11-11,1925.13
390,597,121,2023-09-02,840.25
391,952,476,2023-08-19,1040.16
392,80,480,2023-05-07,1149.23
393,858,32,2023-05-23,1152.93
394,8,48,2023-07-27,75.91
395,615,133,2023-07-03,1926.31
396,204,166,2023-07-26,1990.61
397,422,421,2023-06-12,873.86
398,790,282,2023-09-23,1715.4
399,586,201,2023-01-07,1631.3
400,567,382,2023-11-22,473.03
401,655,168,2023-10-30,2275.61
402,626,254,2023-09-14,426.69
403,477,328,2023-02-21,842.05
404,590,440,2023-06-22,2201.72
405,122,199,2023-09-17,1304.75
406,24,250,2023-03-24,1389.71
407,404,108,2023-08-26,275.58
408,351,12,2023-07-15,933.21
409,855,40,2023-01-04,1631.96
410,663,459,2023-08-22,337.41
411,519,314,2023-05-18,1257.79
412,97,18,2023-09-03,2006.89
413,874,475,2023-12-31,943.29
414,352,169,2023-09-05,775.67
415,299,326,2023-03-01,1701.13
416,263,166,2023-08-21,1038.23
417,250,431,2023-10-06,348.05
418,453,346,2023-08-09,1076.82
419,293,214,2023-05-03,73.75
420,948,65,2023-11-14,110.52
421,71,162,2023-10-06,733.1
422,813,451,2023-07-11,69.61
423,210,429,2023-07-11,1490.12
424,983,36,2023-03-14,643.08
425,314,311,2023-12-02,540.41
426,422,42,2023-03-29,881.49
427,646,232,2023-03-10,855.16
428,384,27,2023-05-21,47.75
429,733,131,2023-07-09,839.97
430,320,244,2023-08-16,2456.42
431,305,385,2023-11-04,1138.61
432,879,158,2023-04-23,566.41
433,448,133,2023-05-21,1612.7
434,797,310,2023-09-04,1652.24
435,642,220,2023-10-24,158.57
436,767,147,2023-06-21,1352.41
437,550,202,2023-11-04,147.33
438,179,200,2023-07-08,63.72
439,755,273,2023-06-26,1526.8
440,161,42,2023-03-28,1431.28
441,673,471,2023-03-19,297.52
442,522,112,2023-12-19,971.24
443,404,254,2023-12-02,1606.24
444,600,299,2023-01-10,1662.36
445,669,110,2023-08-27,2279.4
446,271,473,2023-07-14,1784.66
447,137,155,2023-05-21,1127.88
448,279,346,2023-12-01,1215.87
449,424,286,2023-03-10,438.88
450,838,256,2023-03-18,761.41
451,335,188,2023-06-07,86.06
452,837,31,2023-10-22,1081.24
453,113,380,2023-05-04,2086.39
454,625,395,2023-05-31,1308.41
455,21,328,2023-11-26,820.67
456,718,353,2023-01-17,907.87
457,751,459,2023-06-29,1360.57
458,912,457,2023-04-21,1597.68
459,527,184,2023-10-18,2452.94
460,491,430,2023-03-19,2031.65
461,18,352,2023-04-30,481.95
462,538,307,2023-08-18,946.13
463,505,242,2023-09-20,1897.49
464,104,149,2023-04-16,845.87
465,23,289,2023-12-12,317.93
466,143,430,2023-03-27,1807.17
467,684,442,2023-07-17,2212.79
468,766,203,2023-06-25,582.05
469,961,281,2023-06-30,1723.06
470,774,331,2023-06-19,1266.77
471,284,370,2023-09-18,1815.87
472,284,265,2023-02-18,341.93
473,322,407,2023-05-14,1498.51
474,52,499,2023-07-06,1633.23
475,800,439,2023-08-22,1711.63
476,160,99,2023-03-21,1461.74
477,669,175,2023-01-19,860.35
478,260,351,2023-07-19,1287.17
479,338,367,2023-07-17,1317.4
480,249,400,2023-08-26,2367.74
481,761,365,2023-04-28,390.01
482,667,70,2023-04-04,758.8
483,410,405,2023-07-05,1814.44
484,321,442,2023-04-11,843.17
485,864,386,2023-07-20,1092.51
486,814,339,2023-08-08,718.08
487,299,272,2023-09-03,589.19
488,178,156,2023-05-18,2331.85
489,985,317,2023-06-04,1117.29
490,911,247,2023-07-09,2030.89
491,722,416,2023-10-12,199.75
492,373,468,2023-06-24,2114.84
493,865,409,2023-01-18,303.63
494,48,93,2023-11-14,1083.22
495,125,93,2023-05-12,2176.78
496,315,305,2023-03-02,1659.65
497,506,467,2023-10-05,489.86
498,718,8,2023-07-08,1760.61
499,25,455,2023-07-30,1951.77
500,344,176,2023-10-18,501.61
501,72,190,2023-11-23,2102.97
502,240,269,2023-09-04,404.14
503,274,56,2023-07-22,778.52
504,110,383,2023-12-04,990.71
505,50,264,2023-01-20,1437.17
506,458,195,2023-07-25,736.12
507,572,264,2023-09-08,2486.99
508,421,45,2023-10-18,446.34
509,296,189,2023-12-24,1038.81
510,321,486,2023-06-16,2342.5
511,874,381,2023-12-21,1070.28
512,987,305,2023-12-18,2209.82
513,54,20,2023-05-23,603.86
514,657,138,2023-09-18,1185.69
515,960,284,2023-02-26,505.41
516,691,493,2023-01-15,2105.58
517,489,96,2023-01-09,1626.49
518,897,400,2023-11-10,1923.33
519,289,411,2023-04-19,1759.33
520,500,382,2023-07-05,1772.74
521,651,93,2023-05-15,969.74
522,418,361,2023-04-03,324.14
523,323,113,2024-01-01,1925.17
524,985,22,2023-01-30,1063.81
525,236,463,2023-01-06,96.1
526,592,191,2023-05-11,1514.13
527,405,374,2023-05-05,2193.48
528,979,53,2023-07-04,66.9
529,848,81,2023-06-25,780.87
530,471,14,2023-11-29,602.05
531,677,418,2023-10-26,2252.23
532,669,180,2023-07-04,1051.49
533,663,281,2023-05-25,1456.68
534,980,336,2023-07-10,556.39
535,968,282,2023-03-22,1331.84
536,95,90,2023-02-21,200.69
537,376,495,2023-08-23,277.98
538,338,203,2023-03-08,2214.42
539,344,197,2023-01-23,1594.41
540,500,172,2023-07-07,2035.22
541,973,77,2023-04-12,579.71
542,411,41,2023-07-01,1909.21
543,961,265,2023-03-27,661.12
544,285,461,2023-08-26,981.14
545,923,126,2023-03-02,840.0
546,352,42,2023-01-12,2201.44
547,329,71,2023-12-21,2445.98
548,975,149,2023-06-30,2309.26
549,652,240,2023-10-18,657.77
550,775,403,2023-01-23,1395.54
551,50,385,2023-07-06,418.66
552,578,290,2023-08-21,1426.88
553,286,39,2023-07-30,2135.18
554,107,463,2023-06-05,1556.79
555,460,58,2023-09-23,186.05
556,467,475,2023-06-29,1653.09
557,372,407,2023-01-28,620.02
558,935,124,2023-07-04,1509.39
559,9,188,2023-11-05,508.54
560,450,59,2023-10-08,439.44
561,923,279,2023-10-07,1805.56
562,649,468,2023-01-24,1012.99
563,695,45,2023-10-11,393.44
564,277,112,2023-03-21,2063.48
565,639,115,2023-05-22,1102.09
566,288,448,2023-08-09,1927.57
567,986,103,2023-07-30,2453.95
568,650,220,2023-04-03,1513.97
569,405,145,2023-05-23,801.83
570,506,210,2023-11-25,292.35
571,207,48,2023-05-31,263.41
572,14,481,2023-03-30,1689.95
573,740,2,2023-12-28,2116.0
574,89,128,2023-09-22,910.36
575,189,79,2023-08-30,2435.24
576,934,144,2023-10-23,1758.73
577,465,459,2023-05-23,837.99
578,149,71,2023-04-30,507.35
579,686,59,2023-03-05,2442.3
580,401,245,2023-08-14,1956.18
581,364,143,2023-02-17,846.68
582,426,474,2023-03-09,1729.74
583,602,477,2024-01-01,693.41
584,592,331,2023-03-30,2106.13
585,457,277,2023-10-13,364.85
586,866,27,2023-03-07,1154.59
587,563,113,2023-01-21,2053.9
588,783,93,2023-12-27,2070.32
589,972,140,2023-05-29,1465.95
590,692,253,2023-07-26,1870.99
591,269,262,2023-12-31,350.59
592,53,9,2023-11-12,881.09
593,13,417,2023-01-03,2299.97
594,985,365,2023-06-17,2184.82
595,651,19,2023-01-12,622.94
596,540,174,2023-09-18,1911.48
597,708,378,2023-02-15,1866.88
598,582,288,2023-05-01,802.28
599,943,426,2023-02-15,1324.81
600,91,402,2023-12-16,2222.23
601,821,63,2023-01-06,1753.33
602,18,100,2023-03-21,1733.86
603,254,385,2023-03-29,1169.0
604,328,69,2023-10-03,1168.88
605,330,306,2023-11-11,256.76
606,955,74,2023-09-01,977.25
607,383,180,2023-10-08,1054.66
608,47,396,2023-09-18,673.9
609,370,318,2023-03-16,1357.58
610,531,281,2023-12-15,1634.16
611,743,488,2023-12-25,1910.0
612,79,123,2023-06-25,1037.64
613,416,182,2023-05-11,2333.78
614,611,305,2023-01-16,947.99
615,29,146,2023-09-28,635.48
616,199,300,2023-01-30,323.49
617,631,195,2023-09-12,887.83
618,379,158,2023-09-27,1761.06
619,67,145,2023-04-14,325.52
620,487,276,2023-01-05,1560.13
621,737,453,2023-07-23,2441.97
622,381,62,2023-10-21,1404.14
623,494,13,2023-10-22,619.92
624,825,28,2023-09-11,1196.08
625,286,93,2023-07-21,2375.38
626,336,108,2023-08-13,1104.91
627,118,111,2023-08-24,995.72
628,857,398,2023-06-22,625.18
629,155,453,2023-09-20,2489.25
630,143,62,2023-07-17,110.26
631,150,237,2023-08-30,738.99
632,752,431,2023-07-22,2337.9
633,104,306,2023-05-27,1703.32
634,915,488,2023-04-29,2125.63
635,949,402,2023-11-25,1083.38
636,268,41,2023-11-03,130.51
637,909,347,2023-02-18,2042.23
638,358,9,2023-04-08,153.68
639,655,157,2023-07-10,276.6
640,245,445,2023-10-06,178.93
641,923,391,2023-12-29,1518.68
642,392,349,2023-12-17,1403.18
643,920,380,2023-11-21,1861.34
644,728,388,2023-03-01,2226.31
645,396,27,2023-04-12,2202.74
646,473,99,2023-03-15,2364.16
647,244,27,2023-03-31,1459.89
648,233,41,2023-02-17,899.22
649,989,302,2023-07-21,2272.33
650,240,468,2023-06-11,309.76
651,434,418,2023-06-19,1364.71
652,196,494,2023-06-24,741.11
653,734,316,2023-07-06,1815.33
654,898,124,2023-09-28,1300.25
655,635,254,2023-09-05,1394.43
656,658,246,2023-07-25,292.26
657,141,402,2023-12-11,378.96
658,293,107,2023-06-04,2450.49
659,607,175,2023-05-14,1689.08
660,904,267,2023-11-06,2108.0
661,460,374,2023-05-29,2304.39
662,663,140,2023-07-19,2046.67
663,472,5,2023-08-16,1471.32
664,926,445,2023-11-16,151.94
665,639,56,2023-04-26,224.59
666,935,487,2023-10-08,180.84
667,253,266,2023-07-07,1929.99
668,328,352,2023-11-16,424.01
669,37,420,2023-10-01,2269.79
670,615,249,2023-08-19,2443.54
671,5,440,2023-10-03,1192.72
672,471,246,2023-04-03,460.94
673,214,153,2023-04-09,779.45
674,205,294,2023-06-06,1159.78
675,850,328,2023-03-18,601.0
676,528,214,2023-12-08,1538.54
677,473,15,2023-12-24,1525.41
678,164,433,2023-10-30,1227.15
679,389,56,2023-07-08,2257.18
680,959,371,2023-01-27,1901.56
681,13,353,2023-01-02,1117.6
682,359,220,2023-04-15,641.38
683,135,279,2023-03-25,934.13
684,563,353,2023-03-26,1156.0
685,398,487,2023-08-26,1530.45
686,788,441,2023-07-14,938.29
687,349,67,2023-01-31,462.36
688,952,334,2023-06-10,1540.67
689,360,239,2023-05-01,2071.57
690,359,219,2023-02-20,1783.56
691,461,264,2023-01-28,1764.83
692,49,429,2023-10-14,2335.1
693,257,478,2023-04-14,1904.04
694,958,188,2023-10-28,1053.98
695,712,177,2023-09-18,2495.08
696,194,240,2023-06-04,1918.85
697,356,215,2023-11-17,137.56
698,938,207,2023-05-08,864.3
699,320,156,2023-12-17,728.02
700,212,315,2023-08-06,464.51
701,692,316,2023-12-03,2466.01
702,711,295,2023-06-15,1953.73
703,45,183,2023-08-09,128.0
704,77,431,2023-04-26,2446.09
705,676,349,2023-06-23,375.05
706,72,11,2023-05-18,1443.37
707,910,253,2023-12-18,1694.23
708,403,351,2023-09-07,2387.72
709,182,170,2023-10-16,2385.24
710,107,144,2023-02-11,792.15
711,973,16,2023-10-13,1839.38
712,72,420,2023-07-07,1918.18
713,221,454,2023-12-15,86.95
714,377,82,2023-06-17,2120.32
715,3,465,2023-06-08,2263.86
716,560,433,2023-07-01,568.16
717,672,364,2023-05-02,269.46
718,311,226,2023-08-19,1411.7
719,561,439,2023-03-11,65.02
720,210,233,2023-03-24,1775.68
721,65,10,2023-11-17,2113.47
722,600,9,2023-10-23,679.13
723,363,338,2023-05-24,1214.96
724,260,204,2023-05-06,1085.02
725,828,463,2023-09-12,2147.56
726,18,260,2023-05-27,1751.47
727,243,367,2023-07-07,2029.59
728,728,32,2023-02-18,2275.45
729,315,481,2023-10-28,374.02
730,614,60,2023-07-23,2372.31
731,739,21,2023-04-03,2012.55
732,134,460,2023-02-01,2480.61
733,292,331,2023-12-18,968.29
734,619,155,2023-06-03,164.88
735,188,382,2023-03-22,597.03
736,792,3,2023-12-23,2424.97
737,566,281,2023-03-02,1976.3
738,547,66,2023-07-05,246.21
739,119,228,2023-07-25,1203.65
740,782,463,2023-11-28,530.15
741,584,325,2023-05-19,1645.28
742,73,336,2023-07-05,641.13
743,83,291,2023-03-12,1177.47
744,397,270,2023-06-11,418.89
745,135,299,2023-10-29,187.6
746,302,218,2023-07-20,1302.04
747,318,426,2023-11-29,1217.76
748,137,292,2023-02-08,64.98
749,48,301,2023-01-23,2197.02
750,250,68,2023-08-21,1365.69
751,468,170,2023-01-09,1445.72
752,7,206,2023-07-06,1215.89
753,832,396,2023-09-25,2212.08
754,985,486,2023-08-16,892.2
755,315,345,2023-09-29,1521.21
756,879,32,2023-01-06,1148.36
757,276,450,2023-03-28,1646.32
758,817,298,2023-07-03,866.94
759,836,417,2023-10-15,1927.85
760,64,146,2023-04-15,895.6
761,270,118,2023-03-23,250.51
762,380,372,2023-01-15,2045.62
763,347,339,2023-05-31,31.12
764,269,166,2023-07-29,1516.94
765,248,254,2023-12-26,1382.41
766,995,445,2023-11-11,1456.77
767,914,226,2023-06-09,1271.06
768,921,489,2023-11-05,1759.49
769,206,248,2023-09-15,722.43
770,753,490,2023-10-27,2052.23
771,432,419,2023-11-20,1184.46
772,123,384,2023-07-15,2140.75
773,818,374,2023-01-12,88.03
774,404,150,2023-01-26,615.31
775,940,332,2023-05-12,459.07
776,687,436,2023-03-16,1291.77
777,947,468,2023-07-21,967.63
778,257,316,2023-04-17,2137.32
779,294,381,2023-05-02,2324.55
780,784,32,2023-03-23,1930.21
781,619,464,2023-02-14,1006.55
782,20,262,2023-04-15,728.03
783,458,227,2023-06-24,1854.14
784,440,384,2023-12-22,2059.27
785,105,325,2023-01-05,738.3
786,818,170,2023-11-08,2033.02
787,917,498,2023-09-12,2055.91
788,101,212,2023-02-27,1501.05
789,661,137,2023-10-15,2173.94
790,962,407,2023-12-04,1574.95
791,933,263,2023-05-14,1680.83
792,780,439,2023-12-10,2005.97
793,242,355,2023-08-17,2385.17
794,755,362,2023-05-06,1106.06
795,191,366,2023-12-26,643.33
796,275,79,2023-05-24,1238.08
797,893,259,2023-04-14,1173.43
798,663,255,2023-03-27,248.04
799,997,45,2023-04-06,191.67
800,27,118,2023-01-31,770.9
801,519,392,2023-12-24,2080.27
802,164,361,2023-03-22,370.81
803,388,40,2023-07-26,1864.03
804,73,494,2023-01-21,951.39
805,257,100,2023-01-08,1694.83
806,891,468,2023-11-12,2280.57
807,602,223,2023-03-04,926.58
808,699,52,2023-03-20,1717.82
809,379,172,2023-12-26,111.65
810,758,285,2023-07-09,723.13
811,237,220,2023-12-16,1470.97
812,521,28,2023-11-30,951.37
813,680,302,2023-03-23,2094.36
814,990,474,2023-06-06,1260.94
815,633,128,2023-01-12,1382.96
816,314,72,2023-01-23,1726.89
817,878,143,2023-07-09,2191.15
818,434,384,2023-08-21,1155.56
819,387,223,2023-08-06,2031.63
820,492,324,2023-09-15,221.75
821,759,231,2023-07-30,1441.93
822,933,395,2023-02-26,614.51
823,989,30,2023-07-12,2400.96
824,270,268,2023-05-06,2447.44
825,722,224,2023-02-08,2133.92
826,505,314,2023-08-24,84.62
827,260,284,2023-06-27,1541.32
828,382,479,2023-09-10,2070.63
829,383,227,2023-06-05,124.27
830,370,352,2023-04-11,1210.78
831,598,108,2023-02-26,293.79
832,651,401,2023-10-02,157.76
833,433,457,2023-08-09,2499.22
834,577,210,2023-02-26,464.58
835,164,92,2023-10-27,1862.77
836,836,1,2023-04-07,442.45
837,61,341,2023-08-31,1592.52
838,94,34,2023-09-09,967.74
839,622,56,2023-01-22,1365.03
840,331,402,2023-10-12,238.08
841,734,48,2023-03-20,1635.51
842,56,11,2023-04-26,1093.75
843,422,165,2023-10-08,2461.88
844,524,34,2023-06-16,1455.77
845,617,383,2023-12-21,785.17
846,96,260,2023-04-02,2158.53
847,629,315,2023-03-22,2065.22
848,532,81,2023-02-03,849.88
849,832,491,2023-03-06,1460.28
850,270,252,2023-03-19,1631.36
851,797,75,2023-09-28,1229.41
852,964,310,2023-01-06,163.03
853,449,375,2023-07-08,208.45
854,486,413,2023-06-27,2496.29
855,128,377,2023-07-10,1608.27
856,463,172,2023-06-12,314.55
857,762,226,2023-08-03,46.88
858,144,389,2023-08-30,965.89
859,530,427,2023-08-01,791.48
860,656,171,2023-03-28,143.17
861,185,344,2023-10-08,1311.22
862,548,301,2023-06-18,2053.98
863,651,88,2023-10-04,129.62
864,387,370,2023-09-19,1575.54
865,540,299,2023-10-29,1624.23
866,854,284,2023-04-20,1541.13
867,826,166,2023-11-25,711.72
868,594,41,2023-01-12,177.51
869,162,137,2023-12-13,1032.46
870,253,144,2023-11-03,2444.56
871,957,195,2023-01-21,430.8
872,744,381,2023-03-12,144.72
873,87,63,2023-11-25,1947.82
874,319,408,2023-08-11,844.87
875,607,256,2023-05-13,1979.82
876,442,78,2023-09-27,2443.68
877,582,147,2023-09-22,2348.3
878,938,269,2023-06-05,143.95
879,704,483,2023-12-24,268.73
880,633,463,2023-03-03,1731.98
881,916,18,2023-02-10,262.68
882,406,365,2023-03-26,1672.53
883,818,133,2023-07-15,2143.46
884,463,178,2023-03-06,2138.06
885,800,77,2023-06-04,243.49
886,982,471,2023-05-11,2070.03
887,198,326,2023-04-28,1644.85
888,233,441,2023-06-07,1118.79
889,676,207,2023-05-12,703.45
890,427,291,2023-12-01,337.42
891,892,317,2023-07-11,533.46
892,11,436,2023-02-13,492.0
893,139,37,2023-11-17,429.75
894,558,61,2023-03-17,160.48
895,492,403,2023-10-06,757.63
896,66,234,2023-12-29,1647.44
897,463,98,2023-10-22,2243.81
898,806,18,2023-07-18,721.15
899,569,486,2023-01-23,2472.55
900,714,278,2023-09-28,457.58
901,119,298,2023-07-24,1943.61
902,970,73,2023-09-17,1221.27
903,360,277,2023-06-17,1911.7
904,640,113,2023-03-12,2382.85
905,554,242,2023-09-06,1723.51
906,363,63,2023-09-11,967.19
907,908,306,2023-05-22,477.82
908,724,407,2023-10-09,2467.5
909,625,467,2023-03-29,534.79
910,310,230,2023-10-06,1670.4
911,207,405,2023-05-25,967.15
912,854,155,2023-01-22,465.44
913,657,463,2023-07-01,404.22
914,902,41,2023-03-11,1693.4
915,970,3,2023-02-18,1263.35
916,136,485,2023-12-16,2488.22
917,895,287,2023-01-31,365.64
918,445,482,2023-06-02,647.77
919,452,194,2023-05-23,1399.69
920,898,331,2023-05-24,158.81
921,370,263,2023-04-13,357.49
922,7,137,2023-09-23,1007.46
923,691,15,2023-12-28,2489.41
924,499,214,2023-02-05,1623.64
925,405,244,2023-09-15,1584.96
926,851,413,2023-12-17,644.2
927,965,400,2023-03-16,759.08
928,750,121,2023-01-19,2261.6
929,760,171,2023-01-20,990.12
930,140,400,2023-08-26,184.37
931,797,463,2023-09-28,340.73
932,330,102,2023-02-16,1023.23
933,538,221,2023-04-22,284.84
934,70,20,2023-01-04,1933.63
935,603,93,2023-10-26,601.95
936,179,471,2023-08-09,2221.37
937,127,64,2023-10-29,1810.2
938,359,24,2023-01-30,1940.21
939,427,40,2023-07-12,2074.72
940,784,402,2023-10-16,1977.94
941,476,232,2023-09-22,1566.46
942,753,270,2023-12-10,696.13
943,913,307,2023-03-06,1711.18
944,680,274,2023-07-11,1722.35
945,759,256,2023-10-01,1600.24
946,469,106,2023-07-13,1883.89
947,589,428,2023-04-30,421.69
948,318,15,2023-11-08,1766.99
949,104,17,2023-06-20,716.9
950,381,470,2023-05-24,878.82
951,148,200,2023-01-15,2264.37
952,427,255,2023-02-14,2314.94
953,363,325,2023-12-25,742.94
954,124,282,2023-10-18,1312.04
955,889,394,2023-11-07,502.61
956,645,199,2023-07-07,113.23
957,147,12,2023-02-15,897.71
958,375,112,2023-07-26,132.96
959,473,471,2023-08-18,2085.5
960,846,242,2023-06-14,904.74
961,585,402,2023-12-05,1998.75
962,536,232,2023-09-14,1829.52
963,726,396,2023-09-25,1057.6
964,893,224,2023-07-21,658.52
965,853,169,2023-11-18,2232.78
966,689,262,2024-01-01,1895.5
967,603,100,2023-07-15,531.38
968,422,207,2023-02-17,543.91
969,8,63,2023-04-16,1357.3
970,145,99,2023-04-23,1418.37
971,139,347,2023-05-10,450.02
972,973,20,2023-04-16,1650.06
973,345,302,2023-05-11,170.21
974,748,321,2023-08-15,2358.21
975,870,386,2023-11-08,1624.1
976,236,150,2023-12-05,1962.83
977,88,415,2023-10-07,2020.25
978,108,135,2023-12-22,865.77
979,288,66,2023-12-02,1686.24
980,633,141,2023-06-17,1171.06
981,611,359,2023-09-02,1744.75
982,373,232,2023-11-18,747.71
983,331,446,2023-07-19,690.7
984,167,476,2023-12-18,2163.03
985,254,254,2023-11-01,1194.76
986,157,114,2023-12-25,1275.03
987,243,445,2023-09-14,189.31
988,382,253,2023-07-04,928.32
989,945,306,2023-02-25,1436.78
990,181,350,2023-07-21,2285.84
991,188,258,2023-03-05,1772.02
992,608,406,2023-06-21,1497.96
993,36,389,2023-05-08,1488.61
994,310,416,2023-12-28,1664.41
995,149,412,2023-01-10,1264.34
996,319,116,2023-01-06,1152.28
997,719,288,2023-07-06,446.39
998,26,206,2023-11-13,759.72
999,889,368,2023-05-05,49.12
1000,14,62,2023-03-16,1262.01
1001,840,54,2023-04-27,1599.84
1002,149,93,2023-08-06,136.61
1003,131,310,2023-05-28,2143.19
1004,545,317,2023-04-26,1430.89
1005,608,43,2023-05-12,326.42
1006,390,162,2023-02-14,1137.11
1007,95,291,2023-01-04,356.08
1008,606,297,2023-09-20,1862.46
1009,790,113,2023-09-03,1036.35
1010,262,322,2023-06-23,1383.35
1011,200,128,2023-04-01,17.71
1012,107,1,2023-08-24,120.95
1013,377,191,2023-10-28,130.75
1014,434,199,2023-11-26,2007.06
1015,785,393,2023-04-25,484.05
1016,252,96,2023-03-18,2086.44
1017,177,108,2023-08-12,1337.41
1018,153,420,2023-09-26,1675.54
1019,399,229,2023-10-07,1963.92
1020,252,414,2023-02-07,2150.81
1021,727,160,2023-10-06,1386.13
1022,929,36,2023-02-01,1442.38
1023,576,447,2023-07-30,2484.22
1024,332,490,2023-12-20,1420.63
1025,38,456,2023-12-26,1366.12
1026,199,45,2023-07-30,1697.25
1027,844,206,2023-11-09,745.61
1028,976,433,2023-03-30,790.37
1029,894,12,2023-08-24,1238.93
1030,442,407,2023-08-23,450.57
1031,376,492,2023-08-15,1505.52
1032,188,418,2023-02-06,1760.11
1033,266,223,2023-02-02,1399.03
1034,433,208,2023-04-29,57.59
1035,518,294,2023-09-18,1498.07
1036,323,263,2023-11-05,1234.27
1037,954,365,2023-07-12,2167.84
1038,710,178,2023-05-12,2170.33
1039,447,97,2023-12-22,618.11
1040,888,418,2023-06-22,1081.03
1041,713,465,2023-10-01,633.97
1042,92,330,2023-07-16,917.49
1043,162,57,2023-08-17,1361.53
1044,101,22,2023-03-01,1566.0
1045,436,25,2023-03-19,328.66
1046,96,102,2023-02-22,1527.21
1047,122,152,2023-05-13,1718.87
1048,333,252,2023-01-22,699.51
1049,876,299,2023-06-07,237.95
1050,400,426,2023-05-23,123.49
1051,181,485,2023-11-08,459.77
1052,317,314,2023-06-21,1134.6
1053,394,436,2023-12-29,2106.56
1054,570,341,2023-09-20,1035.22
1055,525,486,2023-09-09,804.53
1056,441,402,2023-05-20,577.51
1057,496,498,2023-02-02,1540.17
1058,123,233,2023-11-14,1536.62
1059,75,403,2023-07-25,1673.16
1060,833,245,2023-01-05,1686.14
1061,9,37,2023-04-13,2105.82
1062,187,180,2023-11-21,1920.13
1063,809,50,2023-05-30,495.49
1064,348,274,2023-10-24,1194.38
1065,399,405,2023-10-08,559.37
1066,976,434,2023-08-20,1838.46
1067,764,36,2023-10-12,2281.48
1068,97,201,2023-08-15,2288.86
1069,996,178,2023-04-08,2318.91
1070,492,480,2023-02-22,2173.45
1071,500,323,2023-07-24,539.7
1072,777,338,2023-08-17,1361.04
1073,391,184,2023-11-22,585.32
1074,192,450,2023-02-03,412.11
1075,418,167,2023-02-06,1026.03
1076,785,250,2023-10-27,645.58
1077,497,287,2023-10-06,727.97
1078,853,46,2023-08-09,1476.96
1079,952,259,2023-12-21,152.49
1080,760,239,2023-10-16,1971.79
1081,69,83,2023-11-27,745.57
1082,43,467,2023-09-29,1529.51
1083,555,82,2023-07-22,1393.31
1084,456,285,2023-09-02,1454.23
1085,130,114,2023-05-14,876.42
1086,40,496,2023-06-03,739.47
1087,837,81,2023-02-11,356.43
1088,774,300,2023-08-10,658.31
1089,30,98,2023-09-08,1284.66
1090,818,359,2023-07-17,2109.01
1091,263,430,2023-01-17,714.34
1092,560,264,2023-05-18,1462.32
1093,723,286,2023-08-08,182.98
1094,992,28,2023-05-28,703.09
1095,802,434,2023-06-09,627.46
1096,632,379,2023-10-25,1902.48
1097,244,163,2023-12-30,1995.02
1098,194,481,2023-05-30,648.26
1099,225,231,2023-09-13,483.94
1100,726,239,2023-08-03,775.45
1101,690,242,2023-01-22,41.18
1102,592,297,2023-06-06,1248.9
1103,980,73,2023-05-31,490.16
1104,797,70,2023-05-30,526.49
1105,779,215,2023-03-10,1319.08
1106,770,408,2023-06-24,275.07
1107,743,186,2023-08-26,2183.71
1108,159,144,2023-04-18,1491.39
1109,262,478,2023-03-24,2361.53
1110,970,266,2023-04-06,933.49
1111,930,266,2023-07-19,484.07
1112,565,410,2023-08-02,2332.44
1113,967,437,2023-04-03,2366.65
1114,148,410,2023-10-10,1064.74
1115,490,317,2023-08-19,187.1
1116,583,426,2023-06-12,621.14
1117,519,338,2023-06-07,675.44
1118,955,461,2023-06-17,1755.13
1119,350,65,2023-12-26,2153.29
1120,710,266,2023-03-21,1001.51
1121,733,352,2023-02-17,2427.31
1122,648,420,2023-03-09,2355.04
1123,651,4,2023-06-25,1855.02
1124,714,338,2023-01-26,246.51
1125,318,414,2023-08-25,222.51
1126,213,400,2023-07-08,516.6
1127,156,398,2023-08-09,1721.01
1128,530,76,2023-10-03,916.55
1129,466,494,2023-06-30,1235.78
1130,920,236,2023-03-07,2072.1
1131,387,396,2023-01-07,119.24
1132,836,75,2023-10-03,378.19
1133,603,112,2023-11-10,2474.99
1134,40,444,2023-05-13,1187.65
1135,471,315,2023-08-23,1248.8
1136,981,155,2023-02-04,1780.69
1137,893,440,2023-02-10,1326.6
1138,44,323,2023-12-31,699.67
1139,849,38,2023-05-27,245.18
1140,605,250,2023-11-06,198.97
1141,532,219,2023-11-11,1251.84
1142,154,106,2023-10-01,2178.12
1143,688,368,2023-12-03,206.93
1144,518,4,2023-03-04,487.63
1145,374,280,2023-04-13,1198.2
1146,731,272,2023-05-03,1695.35
1147,640,130,2023-11-05,252.27
1148,195,462,2023-07-13,1739.32
1149,764,45,2023-02-20,40.39
1150,749,259,2023-10-19,1480.21
1151,645,243,2023-12-31,1967.09
1152,448,259,2023-05-04,1192.75
1153,522,483,2023-05-27,1095.85
1154,283,173,2024-01-01,663.68
1155,517,190,2023-02-04,1872.06
1156,583,79,2023-03-31,1695.69
1157,827,314,2023-02-20,750.57
1158,833,249,2023-05-18,2369.01
1159,542,421,2023-02-16,1417.6
1160,550,35,2023-08-30,1201.13
1161,864,277,2023-07-12,1692.66
1162,100,311,2023-07-05,1253.94
1163,604,37,2023-11-28,818.7
1164,747,79,2023-08-02,557.34
1165,269,439,2023-01-08,1254.91
1166,773,487,2023-12-29,429.92
1167,802,372,2023-03-01,1890.8
1168,750,107,2023-08-16,1200.62
1169,493,156,2023-08-19,1779.3
1170,674,129,2023-10-19,2252.38
1171,118,339,2023-12-03,2345.43
1172,400,76,2023-03-09,1660.69
1173,470,408,2023-09-08,1089.67
1174,237,312,2023-11-03,2188.66
1175,77,483,2023-12-05,123.83
1176,130,374,2023-09-30,2213.38
1177,511,356,2023-02-19,2432.12
1178,763,223,2023-11-11,339.59
1179,39,398,2023-07-26,2499.84
1180,857,102,2023-11-13,367.38
1181,856,437,2023-08-25,1205.7
1182,991,95,2023-09-28,2022.13
1183,384,206,2023-10-10,2443.75
1184,656,488,2023-04-30,298.31
1185,640,424,2023-08-17,1322.48
1186,341,171,2023-09-29,370.22
1187,652,331,2023-06-17,1404.61
1188,463,415,2023-01-10,136.03
1189,342,199,2023-01-12,442.95
1190,953,246,2023-06-10,1132.45
1191,656,141,2023-07-25,1327.6
1192,671,266,2023-12-22,1563.07
1193,551,167,2023-11-03,1729.31
1194,668,464,2023-10-27,1707.51
1195,591,468,2023-03-17,1719.09
1196,924,477,2023-06-01,611.45
1197,116,32,2023-01-25,965.69
1198,654,462,2023-12-27,156.43
1199,255,310,2023-12-05,2123.93
1200,27,413,2023-06-21,266.91
1201,288,127,2023-06-01,1039.4
1202,730,166,2023-02-04,822.38
1203,364,313,2023-11-07,2411.83
1204,53,364,2023-07-15,385.34
1205,612,232,2023-09-15,2333.96
1206,348,62,2023-05-01,1550.54
1207,51,153,2023-10-08,463.12
1208,904,33,2023-12-24,1393.61
1209,218,499,2023-04-06,871.77
1210,976,1,2023-04-02,919.28
1211,559,263,2023-01-04,894.9
1212,790,49,2023-09-08,2091.23
1213,111,35,2023-05-29,721.67
1214,571,218,2023-04-03,2310.44
1215,902,54,2023-10-13,563.34
1216,551,268,2023-10-21,2314.99
1217,709,239,2023-01-05,873.43
1218,463,473,2023-02-09,42.57
1219,232,200,2023-09-08,455.72
1220,278,36,2023-05-16,742.85
1221,13,208,2023-09-13,419.36
1222,47,281,2023-06-14,1721.46
1223,877,100,2023-03-02,1935.89
1224,24,239,2023-07-25,1050.04
1225,161,167,2023-12-29,1371.66
1226,154,193,2023-03-27,921.91
1227,638,209,2023-06-02,2138.78
1228,972,260,2023-01-13,12.66
1229,378,158,2023-09-02,1473.56
1230,39,148,2023-07-04,1978.93
1231,427,448,2023-05-04,2017.89
1232,292,443,2023-04-30,1662.74
1233,990,431,2023-04-27,2447.68
1234,857,241,2023-07-15,630.01
1235,983,217,2023-04-04,148.26
1236,721,227,2023-03-17,1171.87
1237,213,116,2023-09-09,2237.35
1238,633,228,2023-06-10,606.8
1239,969,140,2023-07-20,889.57
1240,708,478,2023-05-26,37.83
1241,773,111,2023-12-07,1974.63
1242,345,188,2023-07-15,219.22
1243,171,48,2023-02-21,379.49
1244,317,320,2023-10-29,2226.32
1245,409,291,2023-08-18,2231.22
1246,235,458,2023-03-24,1362.54
1247,984,9,2023-06-14,943.26
1248,970,67,2023-06-11,1839.85
1249,162,176,2023-06-04,622.52
1250,28,5,2023-09-27,784.87
1251,217,231,2023-11-09,1748.93
1252,211,45,2023-08-15,1231.0
1253,43,329,2023-12-25,1258.55
1254,949,489,2023-02-06,1489.63
1255,981,128,2023-07-02,1474.18
1256,527,288,2023-12-05,1517.58
1257,818,162,2023-01-05,1385.09
1258,978,266,2023-01-21,1046.82
1259,448,296,2023-01-30,1852.36
1260,279,210,2023-07-18,2377.09
1261,396,463,2023-05-18,809.53
1262,543,91,2023-08-19,2070.1
1263,182,323,2023-02-08,853.08
1264,25,144,2023-10-23,980.47
1265,525,32,2023-08-31,2106.5
1266,121,63,2023-03-01,2096.67
1267,149,296,2023-10-22,218.95
1268,975,154,2023-06-30,830.39
1269,737,174,2023-12-18,1716.19
1270,78,189,2023-09-22,77.01
1271,741,80,2023-02-11,1090.62
1272,677,109,2023-10-03,1512.96
1273,418,118,2023-05-30,1159.26
1274,231,282,2023-11-24,870.0
1275,903,442,2023-06-10,1615.65
1276,393,70,2023-12-22,1297.29
1277,810,290,2023-08-09,2364.3
1278,16,229,2023-02-27,1895.73
1279,255,295,2023-06-20,2119.35
1280,23,357,2023-03-24,1931.15
1281,367,92,2023-07-29,990.08
1282,128,65,2023-01-11,641.47
1283,563,454,2023-06-02,1462.81
1284,477,113,2023-07-20,737.5
1285,668,346,2023-04-12,188.82
1286,212,464,2023-09-18,314.96
1287,147,336,2023-03-09,561.54
1288,225,93,2023-10-01,2452.25
1289,3,376,2023-07-06,360.01
1290,189,146,2023-11-27,2369.34
1291,520,58,2023-12-12,902.16
1292,293,111,2023-10-15,2370.95
1293,783,162,2023-04-28,906.29
1294,835,210,2023-08-09,254.78
1295,270,256,2023-01-14,330.4
1296,118,291,2023-04-18,1889.62
1297,560,436,2023-06-06,1831.22
1298,244,444,2023-10-22,227.25
1299,688,187,2023-03-30,36.79
1300,681,91,2023-07-29,370.7
1301,954,486,2023-10-15,1849.28
1302,143,478,2023-01-09,698.96
1303,955,111,2023-11-14,568.61
1304,504,349,2023-08-21,1856.18
1305,415,476,2023-09-09,2475.77
1306,352,258,2023-07-05,2396.55
1307,112,204,2023-09-09,1529.21
1308,541,339,2023-06-11,1892.06
1309,965,343,2023-10-13,1099.76
1310,183,266,2023-12-27,1687.7
1311,436,246,2023-08-06,1038.31
1312,878,431,2023-09-05,2270.84
1313,802,135,2023-07-03,1539.0
1314,868,460,2023-09-23,204.01
1315,269,7,2023-01-09,1088.92
1316,691,300,2023-07-23,141.34
1317,23,322,2023-07-24,476.66
1318,593,487,2023-05-23,2370.31
1319,973,232,2023-03-16,486.43
1320,569,124,2023-02-23,2449.88
1321,409,476,2023-12-03,281.88
1322,172,312,2023-03-03,2073.9
1323,332,98,2023-11-07,2283.7
1324,353,286,2023-06-27,1497.39
1325,775,365,2023-12-27,1075.37
1326,505,182,2023-07-22,1832.88
1327,9,424,2023-01-11,1654.41
1328,495,198,2023-12-17,2373.84
1329,753,405,2023-08-01,1348.1
1330,793,320,2023-10-31,374.65
1331,160,251,2023-06-24,1474.1
1332,443,131,2023-06-14,1888.76
1333,546,468,2023-09-15,404.44
1334,584,492,2023-02-17,2292.51
1335,244,224,2023-05-02,767.2
1336,585,177,2023-08-03,2160.65
1337,972,59,2023-10-15,1711.53
1338,280,371,2023-03-11,99.44
1339,87,98,2023-10-28,2225.12
1340,258,438,2023-09-10,2076.44
1341,799,234,2023-05-28,2009.73
1342,318,100,2023-08-28,2142.0
1343,554,304,2023-07-23,1318.57
1344,254,257,2023-09-15,415.79
1345,445,66,2023-06-03,424.6
1346,848,374,2023-09-23,52.72
1347,984,102,2023-02-01,710.07
1348,37,191,2023-09-27,495.3
1349,481,404,2023-08-01,2036.48
1350,938,351,2023-11-14,2039.9
1351,825,26,2023-08-15,2156.34
1352,76,125,2023-12-08,1526.8
1353,818,407,2023-01-23,1884.18
1354,693,406,2023-08-10,1513.35
1355,131,209,2023-10-21,1424.87
1356,416,197,2023-01-18,452.05
1357,174,329,2023-05-29,2120.72
1358,23,8,2023-06-15,1964.88
1359,797,385,2023-09-04,1220.91
1360,128,430,2023-08-27,2033.98
1361,52,418,2023-07-15,1706.43
1362,667,260,2023-07-06,234.93
1363,220,74,2023-12-09,1267.25
1364,830,58,2023-11-23,474.62
1365,170,445,2023-12-28,1060.92
1366,11,56,2023-04-24,274.55
1367,591,21,2023-09-18,568.4
1368,948,323,2023-01-30,771.11
1369,113,342,2023-07-07,998.46
1370,206,221,2023-04-23,2081.68
1371,771,80,2023-09-01,2263.14
1372,53,496,2023-03-12,1098.8
1373,800,248,2023-09-10,791.53
1374,768,397,2023-02-03,499.63
1375,279,171,2023-10-26,1342.57
1376,715,221,2023-05-30,549.39
1377,39,446,2023-03-16,579.09
1378,593,241,2023-04-24,822.69
1379,654,398,2023-05-05,2214.14
1380,397,55,2023-09-02,851.48
1381,281,45,2023-11-08,1673.59
1382,284,461,2023-04-02,1272.43
1383,486,349,2023-10-11,302.59
1384,471,149,2023-11-20,1764.49
1385,703,178,2023-04-24,1906.98
1386,170,436,2023-01-22,2198.85
1387,510,469,2023-02-27,1418.01
1388,170,496,2023-07-26,855.91
1389,14,26,2023-03-04,1200.49
1390,829,393,2023-09-12,128.75
1391,723,486,2023-04-02,1150.24
1392,501,232,2023-08-28,1296.68
1393,651,295,2023-10-10,1437.96
1394,280,101,2023-04-11,2325.53
1395,733,212,2023-09-19,1177.57
1396,428,216,2023-11-27,184.52
1397,747,139,2023-08-30,1935.78
1398,862,479,2023-09-28,326.61
1399,325,388,2023-10-11,256.12
1400,158,27,2023-08-31,485.78
1401,209,286,2023-03-16,267.56
1402,43,19,2023-11-03,803.32
1403,439,31,2023-08-29,477.86
1404,530,312,2023-09-10,1105.48
1405,572,190,2023-08-26,1039.26
1406,268,403,2023-08-10,998.59
1407,831,246,2023-12-02,154.78
1408,494,147,2023-02-17,1269.89
1409,165,198,2023-09-06,611.28
1410,455,340,2023-04-10,1318.11
1411,116,60,2023-06-16,415.79
1412,711,406,2023-10-06,400.72
1413,412,424,2023-01-07,1014.01
1414,651,393,2023-12-08,1922.09
1415,199,317,2023-12-03,158.18
1416,681,36,2023-12-03,1943.42
1417,215,101,2023-09-29,1338.29
1418,107,371,2023-05-18,379.03
1419,461,16,2023-11-07,1624.88
1420,643,91,2023-04-28,1680.02
1421,317,211,2023-07-21,1389.77
1422,297,125,2023-09-13,1872.83
1423,788,145,2023-03-10,1454.98
1424,423,477,2023-11-12,66.1
1425,815,294,2023-06-04,2303.02
1426,639,248,2023-12-28,35.15
1427,831,191,2023-03-31,1451.83
1428,383,113,2023-03-25,1587.9
1429,609,424,2023-11-29,2247.82
1430,319,467,2023-06-24,2451.56
1431,464,156,2023-09-25,1689.7
1432,888,77,2023-01-31,2249.64
1433,814,283,2023-08-15,1786.33
1434,480,276,2023-08-07,2425.22
1435,557,395,2023-12-28,188.61
1436,491,444,2023-01-04,1801.6
1437,481,97,2023-06-13,818.4
1438,835,450,2023-01-17,1590.98
1439,686,285,2023-02-03,411.86
1440,654,154,2023-03-25,1280.57
1441,172,200,2023-01-07,2132.39
1442,673,434,2023-08-16,912.97
1443,864,36,2023-03-14,2399.15
1444,675,346,2023-07-12,109.49
1445,530,261,2023-04-30,851.77
1446,53,482,2023-10-22,1441.75
1447,793,238,2023-01-11,1334.08
1448,5,456,2023-12-04,317.98
1449,457,53,2023-05-07,1204.62
1450,348,349,2023-10-31,2435.13
1451,335,78,2023-09-17,1219.29
1452,749,166,2023-09-18,1381.07
1453,270,115,2023-03-29,847.15
1454,158,349,2023-01-30,1665.78
1455,792,141,2023-06-01,2176.51
1456,204,332,2023-03-15,1302.3
1457,298,257,2023-11-23,1023.5
1458,335,66,2023-05-16,1553.73
1459,526,368,2023-06-14,455.75
1460,310,469,2023-07-14,1624.59
1461,562,491,2023-04-18,744.27
1462,891,52,2023-09-24,2397.25
1463,663,194,2023-09-12,435.83
1464,154,280,2023-04-13,179.59
1465,296,424,2023-05-23,661.22
1466,958,88,2023-11-06,671.03
1467,101,274,2023-06-01,1957.61
1468,508,144,2023-04-25,1123.96
1469,542,470,2023-04-15,196.28
1470,486,80,2023-05-06,922.99
1471,829,289,2023-10-30,1163.65
1472,14,345,2023-12-04,1037.25
1473,270,349,2023-04-30,1990.49
1474,649,162,2023-12-26,580.26
1475,296,315,2023-01-22,1102.04
1476,908,102,2023-05-09,1754.04
1477,876,197,2023-03-28,1041.87
1478,9,24,2023-09-04,419.13
1479,256,105,2023-03-23,1526.46
1480,916,290,2023-01-09,601.26
1481,445,239,2023-06-29,1402.39
1482,319,488,2023-03-30,2335.32
1483,760,38,2023-04-27,52.29
1484,851,73,2023-08-11,645.21
1485,376,219,2023-06-24,2002.14
1486,282,344,2023-07-24,2313.06
1487,671,222,2023-09-12,2460.67
1488,667,228,2023-05-26,353.36
1489,722,330,2023-08-08,1825.73
1490,906,143,2023-06-30,2031.42
1491,898,427,2023-06-12,944.08
1492,852,203,2023-02-08,1168.18
1493,678,263,2023-10-15,1313.67
1494,399,161,2023-03-04,1150.23
1495,907,40,2023-01-23,1397.35
1496,443,117,2023-10-27,2494.53
1497,928,142,2023-11-20,1171.67
1498,663,416,2023-10-11,151.57
1499,40,365,2023-07-23,2073.41
1500,82,250,2023-07-04,1761.99
1501,194,246,2023-08-09,357.16
1502,758,420,2023-04-02,485.54
1503,367,36,2023-09-07,816.15
1504,456,322,2023-09-03,1391.66
1505,896,195,2023-02-04,1371.32
1506,927,136,2023-02-07,1772.9
1507,552,360,2023-10-03,2467.85
1508,249,134,2023-05-09,297.91
1509,218,377,2023-01-14,1583.67
1510,336,104,2023-04-22,1561.28
1511,154,192,2023-03-13,1875.1
1512,483,466,2023-12-04,2421.09
1513,19,195,2023-04-16,112.42
1514,898,262,2023-07-20,1876.28
1515,370,228,2023-05-21,626.1
1516,682,196,2023-04-27,1895.21
1517,194,120,2023-08-19,654.46
1518,937,442,2023-06-12,1077.39
1519,26,141,2023-12-14,442.51
1520,795,232,2023-06-16,363.4
1521,686,328,2023-06-29,187.95
1522,110,354,2023-09-24,2351.11
1523,701,286,2023-03-30,680.06
1524,921,34,2023-08-07,2369.33
1525,761,61,2023-06-09,1325.22
1526,595,492,2023-11-14,1313.21
1527,7,285,2023-01-22,672.06
1528,543,434,2023-07-09,66.61
1529,933,303,2023-04-22,1626.79
1530,25,99,2023-04-25,1272.68
1531,814,321,2023-12-08,1468.58
1532,783,327,2023-11-29,1731.64
1533,265,317,2023-03-11,1945.17
1534,374,408,2023-04-23,293.8
1535,818,137,2023-10-16,2064.17
1536,819,235,2023-05-16,1139.06
1537,246,445,2023-03-15,246.71
1538,543,462,2023-02-19,2240.0
1539,312,391,2023-05-31,1696.8
1540,425,296,2023-11-15,1610.6
1541,200,281,2023-08-02,1463.98
1542,25,14,2023-06-28,1066.09
1543,745,34,2023-01-17,456.85
1544,249,349,2023-12-21,1153.1
1545,390,281,2023-04-28,1666.33
1546,451,47,2023-10-03,1929.49
1547,75,63,2023-01-30,811.03
1548,114,165,2023-01-16,1941.52
1549,525,379,2023-07-26,349.62
1550,56,62,2023-04-29,1940.37
1551,880,210,2023-04-28,1739.31
1552,266,131,2023-08-08,640.06
1553,35,168,2023-12-04,979.03
1554,521,57,2023-09-22,835.39
1555,440,313,2023-04-03,696.14
1556,484,433,2023-09-20,1057.09
1557,726,137,2023-12-03,1753.1
1558,113,330,2023-05-16,2071.38
1559,162,78,2023-01-10,678.66
1560,238,250,2023-10-12,931.3
1561,408,333,2023-03-13,272.82
1562,27,362,2023-12-05,1842.93
1563,706,229,2023-02-18,1953.58
1564,393,429,2023-03-14,2119.66
1565,389,457,2023-09-16,2469.39
1566,908,118,2023-06-17,1648.67
1567,692,435,2023-11-29,1078.13
1568,319,202,2023-02-13,710.87
1569,730,373,2023-09-22,1037.17
1570,338,22,2023-04-30,1100.4
1571,283,86,2023-03-21,1729.44
1572,271,171,2023-12-12,1579.9
1573,353,36,2023-04-30,2409.43
1574,226,102,2023-06-24,2406.43
1575,162,300,2023-02-05,412.91
1576,77,179,2023-03-16,1413.93
1577,892,346,2023-08-28,2191.31
1578,320,115,2023-02-13,127.57
1579,234,348,2023-12-26,458.78
1580,453,440,2023-06-08,210.87
1581,918,444,2023-09-10,2148.09
1582,846,55,2023-01-26,427.08
1583,724,416,2023-09-09,16.49
1584,913,110,2023-07-06,1065.46
1585,663,372,2023-10-31,729.36
1586,938,420,2023-03-01,2472.29
1587,473,423,2023-11-17,2413.2
1588,92,79,2023-04-08,1976.63
1589,981,280,2023-03-27,396.58
1590,477,408,2023-07-17,604.04
1591,603,44,2023-11-01,2066.12
1592,113,224,2023-03-24,702.55
1593,980,44,2023-05-06,2293.95
1594,891,441,2023-06-02,1935.35
1595,474,62,2023-04-12,834.65
1596,730,180,2023-07-16,1882.4
1597,333,474,2023-10-04,1255.93
1598,7,218,2023-01-26,292.15
1599,732,256,2023-06-02,1046.02
1600,40,186,2023-08-11,293.83
1601,899,452,2023-02-21,20.92
1602,728,234,2023-07-05,845.45
1603,801,133,2023-04-17,446.48
1604,676,110,2023-05-08,1579.02
1605,228,421,2023-05-31,770.44
1606,353,423,2023-12-05,1793.0
1607,476,211,2023-06-14,1970.29
1608,211,500,2023-11-03,2447.21
1609,910,197,2023-09-09,1413.37
1610,504,353,2023-10-14,1057.24
1611,683,237,2023-02-14,1308.67
1612,711,191,2023-02-28,2385.05
1613,307,49,2023-10-17,439.03
1614,491,89,2023-05-15,1133.74
1615,651,439,2023-02-20,2242.7
1616,563,91,2023-01-15,1246.44
1617,546,50,2023-06-26,1635.02
1618,731,272,2023-06-08,634.43
1619,30,15,2023-07-31,724.04
1620,282,210,2023-11-07,516.98
1621,459,42,2023-01-24,1076.28
1622,615,392,2023-06-12,2160.96
1623,517,61,2023-01-20,177.49
1624,632,56,2023-09-26,609.78
1625,696,296,2023-03-20,957.79
1626,807,359,2023-07-09,1937.97
1627,921,219,2023-03-11,1390.76
1628,489,157,2023-05-08,912.38
1629,488,139,2023-11-29,1086.59
1630,557,438,2023-07-26,2287.13
1631,845,131,2023-12-03,1149.39
1632,516,332,2023-06-15,1596.1
1633,663,473,2023-02-12,741.18
1634,958,139,2023-12-22,687.11
1635,611,342,2023-11-26,50.7
1636,959,358,2023-08-10,1743.26
1637,211,362,2023-11-20,1803.05
1638,908,371,2023-12-12,520.4
1639,732,363,2023-07-15,541.84
1640,909,180,2023-09-06,1086.2
1641,676,16,2023-07-11,1313.71
1642,986,367,2023-12-27,354.02
1643,598,163,2023-03-21,394.52
1644,895,148,2023-02-21,1242.85
1645,946,279,2023-01-03,1527.74
1646,719,35,2023-12-09,213.92
1647,639,345,2023-04-29,216.44
1648,823,450,2023-06-14,1510.0
1649,365,333,2023-05-24,229.48
1650,761,457,2023-06-30,2212.07
1651,125,386,2023-09-29,1053.5
1652,159,247,2023-02-03,2309.94
1653,956,8,2023-01-15,2465.63
1654,531,72,2023-06-15,467.43
1655,37,163,2023-05-12,355.28
1656,273,259,2023-09-19,707.45
1657,884,230,2023-09-07,30.52
1658,639,463,2023-06-13,2177.82
1659,73,103,2023-06-28,1092.55
1660,332,251,2023-03-09,1540.36
1661,709,161,2023-07-14,2214.64
1662,751,130,2023-01-30,497.63
1663,493,94,2023-05-18,1404.69
1664,917,478,2023-05-10,867.3
1665,213,292,2023-06-23,1368.3
1666,11,225,2023-10-18,1524.96
1667,883,309,2023-06-03,1200.15
1668,370,246,2023-06-16,843.2
1669,124,373,2023-05-12,1282.79
1670,931,493,2023-10-06,1093.94
1671,140,97,2023-09-24,1697.0
1672,708,74,2023-05-09,1143.34
1673,193,249,2023-05-30,435.51
1674,684,443,2023-08-01,704.41
1675,970,50,2023-02-09,520.17
1676,548,16,2023-02-06,1236.81
1677,911,145,2023-06-12,2499.05
1678,518,410,2023-05-02,1985.34
1679,58,306,2023-03-14,671.58
1680,387,93,2023-05-27,648.23
1681,499,12,2023-04-12,1747.57
1682,42,53,2023-10-26,302.72
1683,98,97,2023-12-31,1471.18
1684,407,337,2023-10-30,234.01
1685,452,202,2023-02-20,12.73
1686,500,266,2023-09-11,101.57
1687,375,366,2023-12-26,44.04
1688,170,264,2023-10-22,326.69
1689,695,72,2023-07-31,2295.83
1690,595,441,2023-10-29,173.3
1691,723,361,2023-10-24,1991.74
1692,92,474,2023-08-20,1121.29
1693,444,460,2023-11-24,1888.12
1694,157,289,2023-03-21,2245.01
1695,601,308,2023-07-15,573.72
1696,903,482,2023-06-18,1059.52
1697,749,414,2023-04-21,1875.45
1698,484,399,2023-02-22,2139.07
1699,6,261,2023-06-06,32.18
1700,921,461,2023-01-23,1629.21
1701,708,169,2023-02-18,1343.17
1702,958,154,2023-11-24,2038.5
1703,584,476,2023-03-16,562.57
1704,234,142,2023-11-01,430.34
1705,460,135,2023-05-12,1176.62
1706,342,354,2023-05-27,1755.2
1707,115,274,2023-08-07,1891.1
1708,283,166,2023-11-15,2070.49
1709,779,6,2023-02-13,2253.08
1710,934,37,2023-07-05,755.51
1711,965,266,2023-07-25,1021.99
1712,277,22,2023-09-21,753.67
1713,153,403,2023-04-14,53.03
1714,187,363,2023-06-17,2120.94
1715,663,439,2023-02-05,2164.83
1716,767,61,2023-01-25,2481.99
1717,161,43,2023-12-12,1904.23
1718,704,138,2023-04-10,962.07
1719,1,50,2023-11-29,278.42
1720,722,319,2023-11-28,1748.85
1721,42,33,2023-07-07,1116.55
1722,889,301,2023-08-03,1221.04
1723,94,246,2023-08-16,1881.88
1724,709,281,2023-08-24,2169.78
1725,944,102,2023-01-01,877.47
1726,425,24,2023-02-04,1387.85
1727,114,456,2023-05-11,2084.64
1728,154,224,2023-12-29,730.74
1729,532,181,2023-02-11,1345.98
1730,1,422,2023-10-08,2013.54
1731,797,173,2023-09-03,1571.87
1732,636,479,2023-01-14,1186.68
1733,697,106,2023-05-07,320.99
1734,290,233,2023-10-06,190.2
1735,630,198,2023-02-28,538.63
1736,235,76,2023-08-21,156.9
1737,903,421,2023-03-05,255.48
1738,336,349,2023-03-06,974.7
1739,766,56,2023-07-05,1134.43
1740,153,414,2023-06-08,2157.84
1741,939,68,2023-07-06,2070.94
1742,538,427,2023-06-25,850.15
1743,244,69,2023-12-26,263.58
1744,645,51,2023-08-22,1043.35
1745,985,86,2023-10-11,686.35
1746,779,83,2023-07-28,953.13
1747,102,44,2023-02-04,1772.56
1748,570,82,2023-01-01,864.98
1749,35,242,2023-10-20,1794.24
1750,521,433,2023-07-10,1017.05
1751,882,368,2023-03-02,995.57
1752,437,426,2023-06-08,1438.83
1753,970,282,2023-04-02,2058.86
1754,125,200,2023-10-30,1415.44
1755,12,42,2023-07-02,2102.43
1756,154,294,2023-04-23,372.59
1757,987,194,2023-08-25,1091.72
1758,226,487,2023-05-21,1547.61
1759,6,56,2023-02-25,959.49
1760,903,472,2023-07-17,2427.32
1761,877,430,2023-10-26,1644.81
1762,693,41,2023-03-19,2448.22
1763,577,427,2023-06-08,2480.96
1764,351,411,2023-09-06,2164.73
1765,940,84,2023-09-22,621.35
1766,834,319,2023-05-09,511.96
1767,648,334,2023-09-23,2060.88
1768,965,296,2023-11-06,2106.45
1769,342,379,2023-07-28,752.85
1770,738,203,2023-11-05,1210.17
1771,234,63,2023-07-14,874.26
1772,76,186,2023-07-21,971.19
1773,417,261,2023-11-06,193.48
1774,781,249,2023-11-24,1449.11
1775,456,14,2023-08-21,1147.16
1776,455,488,2023-12-08,1812.73
1777,376,72,2023-10-16,740.57
1778,759,405,2023-02-11,918.65
1779,414,387,2023-04-21,187.92
1780,302,231,2023-07-26,1518.32
1781,75,365,2023-08-15,2090.95
1782,300,286,2023-03-11,2262.25
1783,14,340,2023-02-16,1643.65
1784,646,97,2023-01-26,2405.47
1785,684,291,2023-07-25,758.35
1786,262,368,2023-08-18,73.16
1787,535,337,2023-01-06,193.62
1788,864,186,2023-10-12,1227.64
1789,806,434,2023-01-17,2089.36
1790,591,311,2023-12-27,968.05
1791,269,32,2023-01-10,1602.76
1792,646,213,2023-05-04,1214.68
1793,134,374,2023-08-07,575.56
1794,636,335,2023-11-14,140.95
1795,375,152,2023-05-10,2185.6
1796,697,133,2023-06-11,271.59
1797,541,441,2023-04-23,2163.48
1798,296,220,2023-10-17,874.11
1799,975,97,2023-07-27,976.64
1800,201,488,2023-12-25,83.9
1801,590,119,2023-10-19,319.39
1802,315,53,2023-10-12,170.58
1803,292,293,2023-05-01,1693.66
1804,687,109,2023-06-09,631.55
1805,498,317,2023-09-04,1561.09
1806,344,86,2023-09-08,294.42
1807,599,444,2023-09-12,1374.64
1808,64,248,2023-07-10,843.8
1809,346,311,2023-01-18,1191.69
1810,193,90,2023-04-13,2113.62
1811,144,339,2023-02-25,1460.67
1812,169,342,2023-05-18,306.46
1813,945,312,2023-11-24,462.37
1814,3,252,2023-10-07,407.79
1815,151,24,2023-03-20,1071.56
1816,839,223,2023-06-16,2317.51
1817,589,36,2023-11-18,21.22
1818,954,340,2023-02-26,2276.22
1819,845,242,2023-12-15,1600.49
1820,214,375,2023-01-03,1454.48
1821,400,135,2023-09-20,824.31
1822,123,274,2023-11-30,516.86
1823,447,43,2023-10-31,815.66
1824,214,127,2023-03-16,827.78
1825,998,313,2023-10-11,657.66
1826,239,161,2023-04-23,1511.6
1827,456,232,2023-10-08,302.65
1828,92,148,2023-07-06,1103.98
1829,794,129,2023-12-11,199.65
1830,205,381,2023-11-23,1347.81
1831,412,299,2023-05-18,1282.89
1832,538,321,2023-01-28,2347.51
1833,369,120,2023-04-16,2324.3
1834,692,232,2023-04-02,2411.27
1835,100,295,2023-06-03,722.92
1836,126,203,2023-09-12,2016.07
1837,643,397,2023-05-04,1169.26
1838,430,260,2023-10-24,178.68
1839,515,441,2023-09-08,280.26
1840,152,474,2023-01-29,1057.51
1841,881,305,2023-06-27,1084.46
1842,723,479,2023-04-12,253.33
1843,205,298,2023-06-24,1619.12
1844,632,174,2023-07-17,2376.67
1845,765,495,2023-06-01,1183.5
1846,434,472,2023-07-07,1508.77
1847,245,418,2023-03-28,624.34
1848,574,9,2023-10-20,1674.2
1849,466,192,2023-08-02,454.9
1850,99,483,2023-11-05,349.27
1851,588,210,2023-11-12,2476.57
1852,91,458,2023-05-12,1171.94
1853,568,186,2023-02-18,1572.24
1854,180,494,2023-05-04,1561.34
1855,814,138,2023-11-08,1127.64
1856,559,463,2023-03-06,1966.58
1857,538,143,2023-11-27,1930.27
1858,207,94,2023-02-21,349.12
1859,410,305,2023-05-04,267.62
1860,587,133,2023-01-05,2418.41
1861,111,3,2023-09-03,1409.26
1862,760,97,2023-09-21,1015.34
1863,832,271,2023-05-29,755.64
1864,672,241,2023-11-25,2110.85
1865,103,241,2023-04-04,1532.92
1866,948,476,2023-09-13,640.71
1867,981,34,2023-11-24,1940.12
1868,684,448,2023-10-27,2169.97
1869,804,426,2023-01-13,617.91
1870,973,447,2023-10-04,577.93
1871,158,151,2023-03-30,1829.34
1872,280,409,2023-08-27,2098.25
1873,593,39,2023-09-11,852.57
1874,850,194,2023-08-26,141.0
1875,714,222,2023-07-30,2441.8
1876,581,415,2023-06-14,1413.86
1877,385,168,2023-05-11,2183.54
1878,619,142,2023-11-17,40.59
1879,990,456,2023-09-13,1734.12
1880,822,333,2023-08-29,1769.78
1881,55,340,2023-06-11,84.25
1882,898,457,2023-03-25,516.76
1883,662,271,2023-11-11,32.2
1884,556,351,2023-02-24,485.18
1885,695,319,2023-01-12,496.28
1886,531,82,2023-08-07,1272.52
1887,903,121,2023-08-02,1716.49
1888,201,407,2023-10-12,407.72
1889,165,58,2023-11-07,2061.13
1890,982,455,2023-03-19,866.01
1891,980,455,2023-03-09,1776.46
1892,369,438,2023-01-08,738.0
1893,242,456,2023-05-29,332.01
1894,360,276,2023-03-23,465.42
1895,683,302,2023-06-10,985.59
1896,350,426,2023-12-23,2264.13
1897,842,239,2023-04-06,1393.87
1898,303,231,2023-05-15,1205.25
1899,249,490,2023-11-01,437.21
1900,617,51,2023-07-16,167.7
1901,503,170,2023-08-29,898.86
1902,386,398,2023-08-02,1194.35
1903,209,444,2023-05-29,422.58
1904,841,488,2023-06-09,1858.23
1905,383,429,2023-05-29,356.24
1906,668,360,2023-11-24,382.54
1907,898,62,2023-12-06,2057.21
1908,301,152,2023-06-29,2326.42
1909,490,34,2023-10-19,2033.11
1910,296,458,2023-10-17,1598.15
1911,952,209,2023-08-01,2299.06
1912,325,205,2023-07-26,895.7
1913,527,460,2023-05-07,2082.92
1914,217,389,2023-11-25,1696.78
1915,654,160,2023-01-07,1165.48
1916,955,193,2023-06-01,1831.33
1917,105,146,2023-03-24,531.51
1918,217,215,2023-06-21,554.48
1919,345,172,2023-12-27,168.64
1920,709,127,2023-10-19,1641.58
1921,840,36,2023-04-15,756.46
1922,450,79,2023-08-27,1296.48
1923,480,371,2023-07-03,1734.5
1924,358,116,2023-12-16,803.9
1925,999,205,2023-02-24,2156.62
1926,451,226,2023-07-12,712.49
1927,40,147,2023-10-02,796.23
1928,505,456,2023-09-23,2224.7
1929,805,259,2023-11-06,1328.15
1930,749,422,2023-08-14,1443.98
1931,741,42,2023-05-20,1470.34
1932,99,417,2023-05-01,589.53
1933,115,312,2023-11-05,996.73
1934,596,231,2023-01-27,2311.34
1935,13,36,2023-01-28,1746.86
1936,432,329,2023-06-21,1207.11
1937,605,210,2023-12-25,1736.79
1938,532,299,2023-05-12,51.78
1939,919,9,2023-09-17,319.27
1940,426,388,2023-06-27,2298.8
1941,380,48,2023-07-17,1547.46
1942,55,170,2023-04-29,851.81
1943,589,162,2023-05-29,509.69
1944,219,218,2023-06-19,1829.2
1945,737,52,2023-03-30,2104.28
1946,20,435,2023-10-21,1569.27
1947,764,256,2023-09-02,1603.97
1948,905,494,2023-01-18,851.76
1949,422,157,2023-10-07,2092.2
1950,344,407,2023-01-13,2087.72
1951,583,25,2023-05-05,2145.48
1952,527,276,2023-06-30,521.69
1953,943,469,2023-04-06,1515.06
1954,888,311,2023-11-08,509.79
1955,675,332,2023-07-14,217.9
1956,556,46,2023-09-18,1766.94
1957,631,404,2023-05-27,1037.69
1958,376,288,2023-02-22,1796.43
1959,509,202,2023-05-02,448.31
1960,252,103,2023-01-29,1912.32
1961,897,205,2023-06-20,133.57
1962,946,220,2023-10-04,523.16
1963,499,319,2023-11-09,1651.87
1964,918,65,2023-07-03,392.63
1965,601,398,2023-11-12,2078.72
1966,953,436,2023-09-23,572.18
1967,650,487,2023-12-05,1994.49
1968,697,237,2023-10-22,1194.65
1969,459,103,2023-04-21,2043.46
1970,685,459,2023-05-30,300.83
1971,241,170,2023-07-28,709.11
1972,642,343,2023-03-20,2405.13
1973,778,474,2023-06-27,1897.02
1974,907,347,2023-08-20,1170.33
1975,766,283,2023-08-17,1300.08
1976,904,461,2023-01-09,1874.16
1977,463,253,2023-09-06,1262.39
1978,989,401,2023-09-29,52.65
1979,475,105,2023-01-08,668.97
1980,295,382,2023-03-20,1025.54
1981,258,93,2023-05-03,69.21
1982,759,295,2023-08-31,1748.54
1983,389,69,2023-09-11,2013.76
1984,286,152,2023-03-15,2130.29
1985,821,380,2023-09-25,2478.6
1986,269,198,2023-07-27,1324.01
1987,631,417,2023-07-22,967.14
1988,783,146,2023-11-28,1170.4
1989,243,336,2023-08-26,2453.68
1990,402,212,2023-01-24,2201.13
1991,506,5,2023-06-08,584.81
1992,968,436,2023-08-17,337.65
1993,950,112,2023-04-21,1344.33
1994,763,355,2023-05-10,30.03
1995,935,280,2023-12-27,1986.5
1996,340,131,2023-06-24,317.21
1997,464,425,2023-06-26,2452.99
1998,385,173,2023-08-26,2191.17
1999,744,73,2023-10-30,2440.05
2000,542,152,2023-11-08,1402.25
2001,122,153,2023-11-06,782.45
2002,40,125,2023-11-17,874.64
2003,679,198,2023-11-13,1191.71
2004,365,7,2023-01-22,1883.5
2005,205,324,2023-05-11,1394.23
2006,973,437,2023-08-09,1526.83
2007,315,179,2023-06-08,152.41
2008,871,317,2023-07-16,206.05
2009,337,123,2023-04-09,2313.71
2010,566,105,2023-07-12,1662.74
2011,309,138,2023-11-27,2493.87
2012,176,197,2023-01-02,2344.59
2013,480,307,2023-06-20,439.04
2014,595,151,2023-03-11,2155.1
2015,928,483,2023-09-28,132.62
2016,705,416,2023-11-04,1124.95
2017,514,490,2023-01-05,368.7
2018,755,464,2023-11-05,2368.88
2019,958,407,2023-01-10,1850.27
2020,195,405,2023-07-28,37.28
2021,32,265,2023-11-11,279.97
2022,479,109,2023-06-22,244.81
2023,547,42,2023-09-28,2048.16
2024,935,361,2023-12-03,2404.49
2025,755,33,2023-02-17,2203.31
2026,50,137,2023-08-29,1308.73
2027,816,363,2023-04-03,282.6
2028,322,101,2023-10-13,12.09
2029,869,262,2023-01-05,1025.56
2030,248,9,2023-03-24,1732.75
2031,582,274,2023-02-11,1744.08
2032,128,227,2023-01-11,2011.59
2033,82,51,2023-03-27,1275.77
2034,545,323,2023-06-14,1722.19
2035,133,50,2023-12-08,2036.06
2036,146,194,2023-10-05,1386.76
2037,408,79,2023-06-01,1720.09
2038,525,138,2023-09-12,1434.85
2039,322,362,2023-05-31,1437.34
2040,31,126,2023-11-06,2347.01
2041,87,297,2023-06-06,1267.9
2042,32,57,2023-11-16,401.41
2043,239,24,2023-12-20,866.49
2044,797,300,2023-11-01,148.82
2045,13,207,2023-04-14,297.84
2046,953,82,2023-08-13,989.32
2047,382,101,2023-12-23,2484.86
2048,87,142,2023-04-01,1526.56
2049,165,167,2023-09-18,430.65
2050,151,108,2023-05-15,1373.58
2051,454,114,2023-02-14,662.07
2052,832,308,2023-08-09,368.74
2053,95,414,2023-07-04,259.84
2054,281,363,2023-06-09,2160.41
2055,199,190,2023-08-16,1570.36
2056,978,342,2023-06-13,408.46
2057,586,431,2023-02-25,1962.52
2058,627,371,2023-12-10,2485.76
2059,388,160,2023-04-05,480.38
2060,759,472,2023-05-31,1507.84
2061,577,436,2023-09-18,1415.92
2062,591,416,2023-06-07,273.58
2063,577,199,2023-12-27,1948.83
2064,997,466,2023-03-22,443.58
2065,179,12,2023-08-13,290.83
2066,525,247,2023-04-30,1735.39
2067,971,413,2023-10-02,614.54
2068,63,21,2023-06-11,144.55
2069,782,349,2023-05-01,1250.14
2070,85,345,2023-04-07,923.75
2071,175,269,2023-04-24,353.91
2072,106,21,2023-08-31,1091.08
2073,931,100,2023-06-19,2491.09
2074,525,166,2023-11-24,617.97
2075,965,45,2023-01-07,1404.42
2076,584,130,2023-04-22,1940.25
2077,409,115,2023-12-15,2419.69
2078,571,369,2023-08-29,143.69
2079,312,269,2023-06-27,905.08
2080,783,101,2023-11-23,1749.31
2081,726,148,2023-12-14,2436.23
2082,989,210,2023-03-18,2345.83
2083,659,354,2023-01-22,2437.89
2084,864,433,2023-08-09,576.97
2085,811,383,2023-07-15,1501.3
2086,164,424,2023-04-30,61.56
2087,716,374,2023-06-07,749.96
2088,836,145,2023-09-14,2432.61
2089,838,122,2023-04-27,77.68
2090,783,16,2023-07-15,589.0
2091,468,37,2023-04-14,571.61
2092,796,106,2023-09-12,718.1
2093,607,36,2023-06-16,1159.92
2094,542,412,2023-04-20,2457.57
2095,867,81,2023-02-06,319.29
2096,482,186,2023-02-03,509.18
2097,63,61,2023-01-24,417.99
2098,87,81,2023-03-20,353.78
2099,942,376,2023-02-04,743.17
2100,958,292,2023-12-02,789.33
2101,798,232,2023-03-20,2250.16
2102,807,64,2023-07-16,875.32
2103,424,99,2023-09-23,1660.56
2104,735,426,2023-04-21,1705.24
2105,923,4,2023-01-07,1102.99
2106,267,445,2023-04-29,1488.6
2107,164,30,2023-05-14,1242.93
2108,160,474,2023-03-20,2082.81
2109,908,404,2023-04-21,1992.95
2110,293,112,2024-01-01,1389.19
2111,987,447,2023-08-14,850.62
2112,257,324,2023-04-26,1071.49
2113,327,412,2023-04-01,2351.68
2114,967,191,2023-09-25,1785.72
2115,40,153,2023-06-03,1830.47
2116,490,170,2023-08-01,1576.14
2117,624,6,2023-10-31,596.38
2118,753,388,2023-09-15,1277.13
2119,97,203,2023-03-06,1283.8
2120,509,247,2023-03-12,810.5
2121,469,181,2023-08-10,743.8
2122,271,441,2023-07-01,80.43
2123,342,419,2023-11-30,2200.43
2124,818,283,2023-02-04,1846.06
2125,214,465,2023-09-15,692.69
2126,337,480,2023-11-02,1217.81
2127,438,456,2023-11-01,25.36
2128,356,25,2023-11-05,2428.1
2129,357,433,2023-12-26,1042.61
2130,84,139,2023-02-21,920.45
2131,126,483,2023-11-07,853.3
2132,280,376,2023-12-26,1519.75
2133,681,52,2023-07-01,1812.45
2134,40,280,2023-11-11,291.5
2135,284,499,2023-08-13,1475.27
2136,117,252,2023-05-19,2125.83
2137,361,24,2023-03-06,676.96
2138,728,222,2023-03-12,2189.72
2139,381,393,2023-08-22,2103.05
2140,170,453,2023-02-13,1070.76
2141,7,126,2023-01-16,1355.71
2142,193,336,2023-03-28,1299.96
2143,249,210,2023-10-14,1227.09
2144,428,257,2023-07-12,693.05
2145,560,265,2023-01-02,2044.47
2146,245,161,2023-09-16,1223.17
2147,853,244,2023-05-12,2342.75
2148,81,302,2023-08-12,16.33
2149,502,478,2023-03-04,1685.5
2150,594,38,2023-10-27,1033.95
2151,796,14,2023-02-08,41.85
2152,877,31,2023-05-16,377.85
2153,867,234,2023-09-24,943.56
2154,397,187,2023-09-15,341.35
2155,623,100,2023-11-21,1684.36
2156,400,465,2023-05-27,2252.94
2157,364,322,2023-05-15,2048.51
2158,909,112,2023-12-25,1116.31
2159,147,118,2023-01-17,387.0
2160,880,261,2023-11-19,861.27
2161,555,172,2023-03-04,171.36
2162,644,411,2023-11-12,313.83
2163,185,402,2023-04-26,170.35
2164,572,134,2023-08-03,1141.1
2165,517,413,2023-11-12,1258.84
2166,992,146,2023-09-05,1983.6
2167,963,221,2023-02-02,1103.73
2168,282,167,2023-03-17,1534.84
2169,660,217,2023-10-28,13.81
2170,225,379,2023-08-14,2484.21
2171,959,190,2023-04-14,1899.13
2172,935,415,2023-06-18,1459.41
2173,118,416,2023-02-14,1561.3
2174,160,393,2023-05-09,1345.76
2175,729,448,2023-10-31,263.43
2176,766,500,2023-11-30,2174.16
2177,534,498,2023-07-13,1391.26
2178,826,254,2023-02-28,2423.36
2179,513,282,2023-05-19,1154.5
2180,549,100,2023-11-15,1518.88
2181,773,183,2023-07-03,1715.28
2182,720,195,2023-02-10,783.71
2183,66,45,2023-02-04,475.85
2184,352,326,2023-01-18,173.05
2185,88,303,2023-12-31,2254.2
2186,490,447,2023-07-11,2204.48
2187,157,443,2023-10-15,2406.76
2188,186,126,2023-06-22,2354.42
2189,776,454,2023-12-04,2326.44
2190,920,470,2023-02-09,1155.19
2191,78,464,2023-03-23,1683.88
2192,167,303,2023-08-14,2170.1
2193,216,279,2023-05-10,441.32
2194,714,137,2023-12-23,2309.34
2195,681,161,2023-01-01,1106.35
2196,644,381,2023-08-23,1006.81
2197,565,96,2023-11-08,729.58
2198,350,62,2023-05-24,1775.24
2199,902,265,2023-11-27,2332.31
2200,549,89,2023-05-24,2024.93
2201,899,164,2023-09-22,452.84
2202,409,318,2023-11-01,505.78
2203,318,142,2023-05-07,2268.87
2204,596,18,2023-06-21,1224.36
2205,821,157,2023-11-27,2417.38
2206,957,265,2023-06-13,1474.21
2207,351,91,2023-07-30,735.84
2208,410,7,2023-06-23,965.18
2209,640,145,2023-06-06,1796.81
2210,631,405,2023-06-21,2097.19
2211,461,456,2023-06-25,524.67
2212,561,349,2023-03-11,1292.29
2213,737,157,2023-03-22,1347.33
2214,293,394,2023-10-22,404.14
2215,419,432,2023-12-02,2431.42
2216,952,36,2023-11-05,1726.0
2217,556,282,2023-11-25,2324.31
2218,6,368,2023-05-03,1078.08
2219,320,408,2023-03-05,1259.56
2220,357,184,2023-06-14,1449.13
2221,22,125,2023-10-29,56.42
2222,942,451,2023-02-09,1274.93
2223,120,146,2023-08-02,2209.79
2224,593,203,2023-10-04,97.97
2225,175,316,2023-02-01,1679.81
2226,903,119,2023-11-28,684.49
2227,632,472,2023-03-11,1803.78
2228,851,17,2023-10-04,1933.91
2229,436,366,2023-06-08,2099.8
2230,396,264,2023-08-23,2255.38
2231,272,385,2023-01-30,1306.65
2232,727,498,2023-09-07,289.32
2233,160,492,2023-02-21,1194.95
2234,196,12,2023-10-14,454.64
2235,243,235,2023-08-11,234.13
2236,522,113,2023-09-22,660.34
2237,692,477,2023-05-09,1648.67
2238,216,262,2023-05-27,1323.13
2239,472,468,2023-08-18,1395.14
2240,672,62,2023-03-18,1273.82
2241,995,56,2023-02-09,2312.84
2242,645,424,2023-02-28,941.42
2243,534,269,2023-03-10,1855.91
2244,80,455,2023-01-10,1778.2
2245,103,267,2023-10-30,494.91
2246,429,408,2023-04-18,739.15
2247,100,53,2023-04-06,1821.81
2248,285,266,2023-08-29,1371.95
2249,610,170,2023-05-29,2442.26
2250,734,20,2023-01-25,1428.35
2251,287,346,2023-10-08,931.22
2252,612,355,2023-11-07,568.02
2253,475,28,2023-06-30,1998.65
2254,192,468,2023-11-08,1181.9
2255,68,492,2023-12-26,391.63
2256,210,445,2023-03-05,797.62
2257,742,368,2023-09-07,928.95
2258,888,411,2023-08-07,255.52
2259,886,80,2023-07-21,823.35
2260,871,353,2023-12-17,470.27
2261,886,410,2023-06-07,802.07
2262,703,376,2023-07-22,868.41
2263,102,173,2023-09-15,1285.55
2264,815,5,2023-07-05,1789.45
2265,233,273,2023-01-25,1962.69
2266,310,491,2023-07-05,1862.95
2267,71,241,2023-01-13,2018.39
2268,79,52,2023-03-09,1141.8
2269,73,374,2023-05-03,2063.32
2270,596,70,2023-02-09,591.71
2271,975,117,2023-04-11,1859.75
2272,837,216,2023-11-16,2394.72
2273,979,104,2023-04-06,755.7
2274,678,127,2023-10-14,1641.8
2275,776,298,2023-09-03,1485.97
2276,522,159,2023-05-16,1511.18
2277,664,21,2023-01-28,1488.97
2278,987,81,2023-04-16,2234.05
2279,404,492,2023-08-27,1671.09
2280,903,220,2023-05-16,1260.65
2281,9,448,2023-01-02,194.64
2282,83,67,2023-01-10,894.06
2283,924,76,2023-12-03,265.15
2284,560,5,2023-11-06,1399.12
2285,874,449,2023-07-05,1982.6
2286,262,128,2023-02-20,2136.54
2287,167,451,2023-08-13,2439.82
2288,870,22,2023-05-18,1111.78
2289,57,188,2023-02-21,1971.02
2290,784,200,2023-12-23,1906.46
2291,504,88,2023-07-28,130.34
2292,714,169,2023-04-06,1335.42
2293,281,410,2023-11-10,1634.06
2294,487,477,2023-09-23,1253.63
2295,346,187,2023-05-25,2428.17
2296,928,123,2023-05-03,1014.06
2297,522,103,2023-04-19,108.94
2298,941,435,2023-08-16,1160.96
2299,950,117,2023-05-13,662.91
2300,302,44,2023-04-04,2279.72
2301,62,231,2023-07-18,1860.35
2302,663,349,2023-06-20,2014.08
2303,249,393,2023-06-05,2118.96
2304,295,262,2023-04-18,1214.44
2305,469,238,2023-06-20,26.94
2306,803,433,2023-05-30,292.11
2307,238,342,2023-05-25,1926.77
2308,106,440,2023-04-20,1087.79
2309,349,65,2023-05-13,1512.09
2310,62,57,2023-10-11,2069.41
2311,144,231,2023-05-30,1585.2
2312,827,333,2023-02-19,1284.38
2313,206,87,2023-06-02,2033.68
2314,511,299,2023-07-26,1189.88
2315,407,488,2023-11-06,992.24
2316,189,58,2023-08-09,2135.3
2317,501,495,2023-02-12,59.45
2318,464,255,2023-09-20,140.19
2319,445,185,2023-06-03,1893.51
2320,789,94,2023-10-30,1409.17
2321,65,375,2023-01-31,2277.26
2322,922,120,2023-03-31,1681.41
2323,57,138,2023-03-03,2435.2
2324,798,199,2023-04-30,1063.45
2325,966,224,2023-03-11,530.14
2326,244,478,2023-12-30,1068.55
2327,470,429,2023-03-28,646.03
2328,260,154,2023-11-11,68.55
2329,71,478,2023-04-07,1175.49
2330,392,31,2023-10-05,1305.23
2331,333,195,2023-07-06,2092.44
2332,261,358,2023-12-14,1025.12
2333,739,426,2023-12-25,1278.45
2334,23,388,2023-09-17,647.14
2335,214,398,2023-01-25,867.19
2336,317,89,2023-10-03,2360.44
2337,246,482,2023-02-20,1712.72
2338,132,231,2023-10-08,1398.84
2339,27,100,2023-11-28,1740.92
2340,632,75,2023-12-07,580.18
2341,846,141,2023-05-17,2428.12
2342,465,303,2023-09-28,2244.69
2343,667,401,2023-09-19,119.28
2344,891,431,2023-04-30,534.86
2345,969,102,2023-04-04,1487.91
2346,899,100,2023-01-28,806.14
2347,815,327,2023-05-05,190.9
2348,878,83,2023-12-22,1313.66
2349,593,447,2023-02-16,155.57
2350,44,255,2023-09-08,1991.1
2351,502,229,2023-04-12,594.03
2352,190,62,2023-10-27,541.7
2353,862,47,2023-10-09,1062.05
2354,239,201,2023-07-03,421.78
2355,697,180,2023-07-23,2205.12
2356,117,254,2023-09-13,2255.97
2357,191,405,2023-12-27,1166.22
2358,2,468,2023-06-06,1710.45
2359,869,70,2023-02-24,1866.32
2360,178,86,2023-12-09,902.15
2361,752,362,2023-01-23,1666.92
2362,81,431,2023-04-06,883.46
2363,527,461,2023-09-25,1093.7
2364,984,323,2023-12-11,781.01
2365,152,213,2023-07-20,630.58
2366,278,54,2023-09-18,1767.07
2367,203,262,2023-01-20,2456.2
2368,554,85,2023-12-28,1570.6
2369,298,191,2023-05-14,537.29
2370,922,249,2023-09-26,326.54
2371,387,53,2023-03-01,1182.51
2372,372,428,2023-02-19,1555.42
2373,911,480,2023-08-17,2231.49
2374,98,432,2023-03-30,1524.41
2375,293,499,2023-01-26,1991.25
2376,609,246,2023-05-28,684.52
2377,143,205,2023-12-15,1951.19
2378,535,14,2023-09-05,1050.32
2379,864,447,2023-12-30,929.53
2380,68,243,2023-02-17,89.06
2381,607,86,2023-08-12,1550.72
2382,517,460,2023-06-25,1621.13
2383,408,432,2023-12-02,1802.82
2384,710,136,2023-11-27,153.92
2385,551,71,2023-01-03,1377.89
2386,171,55,2023-03-23,265.93
2387,381,298,2023-12-23,930.47
2388,477,92,2023-04-16,667.42
2389,947,114,2023-12-24,2153.83
2390,85,13,2023-03-29,2426.63
2391,865,366,2023-10-10,1832.03
2392,52,137,2023-10-28,1110.97
2393,768,202,2023-05-29,2470.86
2394,107,266,2023-08-02,1012.19
2395,999,248,2023-01-29,718.53
2396,875,238,2023-10-11,1228.15
2397,448,296,2023-02-24,2001.47
2398,508,331,2023-09-05,1805.53
2399,482,50,2023-02-12,1895.26
2400,959,399,2023-10-26,1428.68
2401,299,372,2023-07-09,147.13
2402,258,249,2023-02-20,571.9
2403,549,120,2023-07-04,2296.2
2404,544,256,2023-02-13,950.18
2405,778,353,2023-12-04,1834.46
2406,232,479,2023-03-21,153.92
2407,330,221,2023-11-11,596.25
2408,665,244,2023-02-19,752.15
2409,603,370,2023-02-12,493.34
2410,855,105,2023-09-08,1255.17
2411,900,53,2023-12-31,283.4
2412,843,456,2023-10-23,909.4
2413,549,120,2023-11-10,1043.99
2414,58,442,2023-08-10,383.09
2415,22,406,2023-07-17,1957.96
2416,409,267,2023-10-12,781.04
2417,916,238,2023-04-29,436.52
2418,508,114,2023-06-03,2365.26
2419,654,28,2023-06-16,2118.29
2420,929,28,2023-08-01,175.92
2421,155,223,2023-02-14,1872.45
2422,394,158,2023-03-09,1915.41
2423,757,406,2023-05-28,1433.28
2424,336,474,2023-07-12,2000.62
2425,883,407,2023-10-03,242.09
2426,543,305,2023-12-12,515.81
2427,620,352,2023-08-04,378.88
2428,787,442,2023-05-17,2176.21
2429,560,358,2023-08-13,916.55
2430,209,112,2023-03-08,101.56
2431,843,8,2023-02-14,219.4
2432,220,316,2023-12-26,1378.77
2433,980,388,2023-07-18,348.64
2434,46,380,2023-11-28,1154.34
2435,313,306,2023-12-02,301.05
2436,50,378,2023-04-26,358.38
2437,362,291,2023-11-05,902.88
2438,697,328,2023-05-02,186.26
2439,638,253,2023-08-20,181.93
2440,949,91,2023-12-20,1570.45
2441,633,302,2023-07-06,790.42
2442,545,302,2023-01-06,387.98
2443,377,296,2023-02-08,376.86
2444,735,109,2023-08-19,147.99
2445,963,349,2023-10-12,960.6
2446,779,157,2023-02-19,736.99
2447,560,397,2023-02-10,420.9
2448,833,440,2023-07-22,183.38
2449,90,475,2023-08-03,2059.69
2450,134,116,2023-03-25,1235.47
2451,367,111,2023-01-10,2371.68
2452,148,340,2023-01-22,1799.18
2453,12,89,2023-09-03,2002.69
2454,754,124,2023-03-21,1277.64
2455,424,189,2023-03-30,243.92
2456,988,331,2023-03-10,2302.34
2457,177,266,2023-10-07,162.74
2458,402,339,2023-04-16,1187.62
2459,649,458,2023-10-24,1385.85
2460,540,84,2023-08-29,2228.7
2461,38,78,2023-11-21,140.19
2462,624,252,2023-08-14,2167.49
2463,202,107,2023-05-08,407.17
2464,578,127,2023-12-16,1813.22
2465,599,172,2023-12-17,2302.6
2466,791,305,2023-01-16,52.95
2467,525,187,2023-07-19,767.14
2468,956,162,2023-11-13,2028.34
2469,558,324,2023-12-16,1597.94
2470,754,39,2023-07-18,1167.7
2471,314,266,2023-02-03,1390.98
2472,902,203,2023-12-19,980.56
2473,136,435,2023-09-09,1746.09
2474,135,430,2023-05-18,1990.83
2475,855,295,2023-07-14,643.61
2476,44,178,2023-07-05,2471.45
2477,276,194,2023-07-23,2292.31
2478,727,444,2023-07-15,1949.27
2479,71,86,2023-08-22,1656.99
2480,64,143,2023-08-15,152.19
2481,615,194,2023-05-01,1969.71
2482,310,495,2023-08-30,991.0
2483,673,136,2023-09-19,1712.78
2484,837,484,2023-11-24,2336.18
2485,876,298,2023-05-14,1610.44
2486,307,420,2023-06-22,1026.7
2487,448,439,2023-05-01,2057.89
2488,149,70,2023-02-08,2274.28
2489,704,181,2023-01-11,2303.68
2490,976,282,2023-03-11,1483.87
2491,865,133,2023-05-05,1660.52
2492,543,27,2023-11-18,317.77
2493,551,22,2023-02-04,1949.79
2494,216,191,2023-02-22,507.62
2495,614,412,2023-11-09,1635.57
2496,644,131,2023-09-13,626.24
2497,759,363,2023-10-15,921.88
2498,332,378,2023-04-06,422.08
2499,524,91,2023-06-06,404.76
2500,850,449,2023-05-30,29.3
2501,90,62,2023-06-09,898.08
2502,226,145,2023-02-16,1770.6
2503,899,210,2023-02-11,491.9
2504,284,408,2023-03-06,2453.36
2505,196,324,2023-05-18,330.98
2506,82,330,2024-01-01,1817.52
2507,543,144,2023-08-31,530.69
2508,343,254,2023-07-17,1315.15
2509,844,124,2023-09-30,685.54
2510,285,178,2024-01-01,1130.05
2511,938,33,2023-12-25,954.82
2512,71,476,2023-10-28,397.51
2513,634,190,2023-06-06,1674.38
2514,795,91,2023-01-11,2144.27
2515,170,252,2023-03-31,405.24
2516,244,270,2023-11-18,2199.99
2517,584,230,2023-01-17,386.69
2518,437,415,2023-07-01,2162.2
2519,105,149,2023-10-04,1371.65
2520,800,428,2023-09-01,2496.73
2521,566,457,2023-03-26,2155.52
2522,205,233,2023-08-02,670.67
2523,251,329,2023-05-10,2213.32
2524,854,75,2023-04-17,620.6
2525,128,194,2023-11-26,1415.36
2526,244,425,2023-03-22,1922.66
2527,787,271,2023-07-04,322.85
2528,681,396,2023-05-19,793.81
2529,546,497,2023-01-30,846.66
2530,699,104,2023-08-16,1908.43
2531,252,82,2023-06-27,199.3
2532,218,25,2023-04-17,2494.42
2533,202,267,2023-02-13,2456.59
2534,306,154,2023-12-05,1541.28
2535,947,31,2023-04-23,2371.37
2536,203,93,2023-06-29,1497.92
2537,18,499,2023-05-01,1647.1
2538,103,188,2023-01-12,1939.14
2539,418,444,2023-10-14,275.09
2540,314,73,2023-04-23,2269.04
2541,446,345,2023-09-09,188.57
2542,153,103,2023-03-21,260.15
2543,194,65,2023-08-12,350.43
2544,147,39,2023-04-05,1183.27
2545,912,408,2023-06-08,344.07
2546,79,217,2023-08-17,1161.74
2547,77,293,2023-04-17,2095.67
2548,985,39,2023-03-19,1033.34
2549,695,330,2023-02-24,2326.46
2550,16,310,2023-04-20,1916.63
2551,179,441,2023-07-31,1179.69
2552,292,133,2023-11-24,2243.63
2553,892,117,2023-07-23,331.99
2554,243,216,2023-06-19,1227.63
2555,384,363,2023-03-24,1086.94
2556,217,125,2023-06-18,1238.03
2557,59,497,2023-04-02,556.84
2558,450,159,2023-11-21,217.58
2559,909,380,2023-01-16,1516.66
2560,982,494,2023-01-19,1761.71
2561,378,161,2023-07-09,1832.83
2562,212,293,2023-11-16,1951.89
2563,879,192,2023-01-27,291.1
2564,15,446,2023-05-28,919.52
2565,561,434,2023-04-20,2245.53
2566,486,114,2023-12-31,1417.87
2567,537,300,2023-11-10,191.2
2568,470,408,2023-11-07,1154.65
2569,713,55,2023-04-19,21.37
2570,229,408,2023-03-05,399.86
2571,389,295,2023-05-26,2064.83
2572,231,184,2023-03-03,312.74
2573,301,260,2024-01-01,1582.67
2574,427,262,2023-09-21,1456.17
2575,100,405,2023-09-23,1976.51
2576,488,7,2023-11-19,2465.98
2577,415,382,2023-10-17,2375.3
2578,354,90,2023-11-09,2211.67
2579,281,489,2023-05-18,2431.28
2580,156,230,2023-05-21,647.97
2581,640,449,2023-05-26,2445.64
2582,365,84,2023-10-22,14.22
2583,931,175,2023-04-04,1248.26
2584,7,202,2023-04-25,744.43
2585,971,488,2023-08-07,383.54
2586,443,343,2023-11-16,2298.38
2587,257,235,2023-12-13,2422.31
2588,898,175,2023-06-12,1748.25
2589,866,325,2023-02-17,110.07
2590,738,110,2023-04-13,2114.27
2591,149,260,2023-10-24,2346.77
2592,922,292,2023-08-26,1896.1
2593,727,236,2023-02-22,1588.21
2594,860,139,2023-11-08,893.18
2595,64,16,2023-10-21,1441.54
2596,347,250,2023-12-24,1471.2
2597,296,317,2023-12-18,1473.79
2598,765,295,2023-10-20,895.91
2599,732,477,2023-05-16,1607.65
2600,38,340,2023-01-14,11.79
2601,603,416,2023-08-16,713.92
2602,509,493,2023-05-08,327.34
2603,33,146,2023-01-13,1131.56
2604,227,388,2023-07-29,2384.99
2605,744,39,2023-10-29,2429.81
2606,648,168,2023-11-10,2432.64
2607,709,224,2023-07-27,1161.13
2608,252,195,2023-08-19,802.2
2609,157,70,2023-01-09,669.31
2610,935,108,2023-03-01,2063.62
2611,704,86,2023-08-26,1646.16
2612,51,334,2023-02-12,831.19
2613,173,394,2023-06-26,639.83
2614,152,425,2024-01-01,1446.53
2615,541,481,2023-01-05,259.59
2616,901,285,2023-10-29,799.67
2617,596,287,2023-07-08,2001.53
2618,187,321,2023-08-22,793.73
2619,574,223,2023-04-06,515.54
2620,483,151,2023-09-22,612.22
2621,353,155,2023-07-27,1535.82
2622,819,258,2023-01-17,682.27
2623,465,236,2023-03-05,1384.29
2624,386,425,2023-02-26,16.71
2625,147,189,2023-09-14,641.35
2626,475,38,2023-12-10,1967.95
2627,937,112,2023-12-19,2306.69
2628,482,399,2023-02-10,237.38
2629,733,298,2023-03-15,2442.11
2630,929,373,2023-03-01,2146.19
2631,941,472,2023-10-18,1209.5
2632,413,325,2023-07-29,1703.29
2633,672,377,2023-05-09,236.07
2634,95,155,2023-08-02,330.64
2635,855,476,2023-11-01,666.15
2636,119,22,2023-05-05,772.8
2637,873,125,2023-04-22,482.57
2638,366,131,2023-04-28,1985.0
2639,558,343,2023-01-17,222.45
2640,221,395,2023-01-10,546.78
2641,629,119,2023-12-06,402.81
2642,108,386,2023-02-02,1179.36
2643,971,3,2023-11-07,2086.9
2644,720,10,2023-11-14,1891.03
2645,840,298,2023-01-08,1570.88
2646,295,349,2023-04-25,2316.24
2647,845,247,2023-05-24,1843.74
2648,873,120,2023-09-25,2052.54
2649,792,395,2023-04-03,302.17
2650,799,98,2023-03-31,2050.38
2651,601,115,2023-03-05,1457.04
2652,588,34,2023-12-28,2456.14
2653,610,56,2023-05-26,2312.66
2654,153,199,2023-09-23,324.83
2655,974,491,2023-06-02,1059.92
2656,306,183,2023-01-25,80.51
2657,833,53,2023-01-21,492.75
2658,252,131,2023-08-05,1035.31
2659,240,438,2023-02-04,423.2
2660,617,50,2023-01-01,700.84
2661,9,311,2023-06-13,1333.4
2662,53,294,2023-11-30,785.42
2663,344,212,2023-04-27,1341.91
2664,104,95,2023-06-13,2130.72
2665,531,394,2023-11-17,1129.12
2666,211,365,2023-04-30,828.06
2667,583,33,2023-07-16,86.56
2668,439,356,2023-12-08,1873.78
2669,471,129,2023-01-25,1194.57
2670,394,186,2023-11-29,1986.81
2671,308,431,2023-03-08,675.29
2672,625,218,2023-06-29,2459.55
2673,458,409,2023-11-09,1101.98
2674,488,271,2023-05-25,259.94
2675,407,107,2023-12-24,1063.45
2676,20,174,2023-06-02,1570.17
2677,477,204,2023-11-27,1665.44
2678,853,330,2023-08-13,155.53
2679,846,285,2023-12-10,1723.61
2680,537,96,2023-02-18,1137.65
2681,731,47,2023-04-11,1790.12
2682,141,46,2023-09-22,1093.4
2683,2,119,2023-12-25,2409.56
2684,55,334,2023-09-25,92.6
2685,282,316,2023-07-29,2008.67
2686,800,403,2023-04-21,2178.29
2687,287,87,2023-08-14,973.7
2688,722,91,2023-05-18,1620.61
2689,903,149,2023-02-10,367.66
2690,414,352,2023-05-31,2214.12
2691,655,474,2023-07-02,1017.43
2692,269,179,2023-06-04,1957.59
2693,12,85,2023-12-18,1238.11
2694,594,320,2023-06-09,1789.69
2695,48,377,2023-08-01,2378.08
2696,327,130,2023-11-28,1257.65
2697,978,238,2023-06-05,2094.5
2698,572,306,2023-11-20,170.12
2699,336,41,2023-10-31,2232.64
2700,354,234,2023-09-26,1126.71
2701,94,15,2023-04-26,940.7
2702,944,428,2023-05-12,240.56
2703,34,54,2023-03-24,735.05
2704,507,227,2023-09-11,374.45
2705,537,421,2023-11-05,141.36
2706,619,163,2023-08-15,1411.8
2707,391,23,2023-02-28,2099.4
2708,819,154,2023-05-28,2202.54
2709,625,194,2023-01-25,2363.88
2710,126,283,2023-11-13,630.42
2711,268,190,2023-05-05,1476.3
2712,422,347,2023-10-15,162.09
2713,429,475,2023-08-12,447.5
2714,692,275,2023-10-31,1713.08
2715,490,228,2023-08-12,1778.03
2716,895,410,2023-02-12,2479.16
2717,649,438,2023-11-26,31.79
2718,334,133,2023-08-23,1004.49
2719,235,132,2023-01-05,629.02
2720,443,402,2023-03-04,1720.52
2721,668,224,2023-04-14,615.67
2722,646,205,2023-09-08,968.46
2723,906,81,2023-02-20,1892.25
2724,546,68,2023-12-10,1065.77
2725,389,379,2023-09-04,1857.39
2726,536,212,2023-03-07,560.38
2727,359,80,2023-06-16,1582.25
2728,594,440,2023-05-16,1355.92
2729,89,385,2023-04-22,534.85
2730,326,305,2023-07-19,986.18
2731,979,455,2023-07-12,1543.71
2732,667,146,2023-10-02,1619.67
2733,398,290,2023-10-25,989.76
2734,815,59,2023-02-06,2367.91
2735,209,178,2023-11-08,108.46
2736,386,105,2023-12-15,1166.63
2737,1000,345,2023-09-30,2283.49
2738,796,236,2023-11-21,1837.18
2739,545,94,2023-06-22,154.37
2740,634,175,2023-04-05,1884.64
2741,96,422,2023-03-18,1435.55
2742,662,316,2023-04-27,287.66
2743,244,268,2023-06-16,676.93
2744,812,375,2023-01-17,1104.59
2745,505,287,2023-01-31,283.18
2746,215,451,2023-12-03,1551.41
2747,196,51,2023-05-17,771.14
2748,733,450,2023-01-27,1888.35
2749,85,426,2023-03-06,2289.94
2750,733,199,2023-05-24,1707.45
2751,924,154,2023-06-02,1260.94
2752,586,169,2023-03-06,1793.25
2753,845,382,2023-01-03,1079.78
2754,299,378,2023-11-12,1401.02
2755,306,147,2023-09-09,334.86
2756,93,342,2023-04-17,676.55
2757,773,433,2023-12-04,884.6
2758,697,451,2023-12-05,805.24
2759,715,212,2023-01-13,638.88
2760,389,64,2023-07-24,636.63
2761,982,15,2023-09-13,2110.74
2762,281,171,2023-04-24,2417.96
2763,140,283,2023-11-02,1569.19
2764,844,239,2023-07-22,2219.98
2765,688,279,2023-12-14,346.61
2766,226,454,2023-02-04,77.8
2767,546,471,2023-09-28,2108.5
2768,461,347,2023-07-12,1922.77
2769,795,230,2023-12-19,204.17
2770,578,258,2023-03-18,1059.37
2771,902,201,2023-02-11,2327.62
2772,861,239,2023-03-20,1046.36
2773,202,319,2023-04-07,1504.36
2774,272,350,2023-06-28,1925.16
2775,717,41,2023-08-24,142.61
2776,292,295,2023-05-08,523.53
2777,187,483,2023-10-12,44.73
2778,205,226,2023-09-02,800.68
2779,165,457,2023-01-16,803.5
2780,385,343,2023-02-12,2018.14
2781,155,82,2023-06-06,1020.79
2782,954,497,2023-09-04,2109.22
2783,71,458,2023-10-14,2224.67
2784,23,319,2023-08-08,2441.7
2785,801,82,2023-11-11,462.85
2786,871,302,2023-06-09,1891.11
2787,568,467,2023-01-12,1673.37
2788,371,184,2023-07-25,708.23
2789,788,242,2023-02-24,489.04
2790,228,423,2023-11-23,571.47
2791,724,69,2023-01-17,1269.89
2792,962,116,2023-09-06,107.13
2793,501,498,2023-07-26,1324.54
2794,780,56,2023-02-26,1666.21
2795,302,177,2023-01-14,1420.37
2796,402,292,2023-03-17,2098.2
2797,809,344,2023-09-15,563.76
2798,229,288,2023-04-10,1441.18
2799,353,463,2023-01-03,641.29
2800,128,427,2023-05-16,1638.0
2801,663,102,2023-07-01,1552.26
2802,135,175,2023-07-14,820.67
2803,269,213,2023-01-23,2275.17
2804,340,390,2023-04-09,871.31
2805,528,41,2023-09-12,2387.49
2806,319,59,2023-12-07,2480.74
2807,53,471,2023-10-04,468.44
2808,856,371,2023-08-10,963.12
2809,904,208,2023-09-01,2419.7
2810,765,382,2023-11-18,1630.27
2811,146,227,2023-07-08,388.01
2812,887,325,2023-12-13,2170.9
2813,932,206,2023-08-07,2219.47
2814,940,365,2023-10-17,191.14
2815,868,207,2023-04-09,256.66
2816,141,202,2023-10-10,1866.8
2817,814,280,2023-04-04,34.9
2818,936,220,2023-11-26,578.07
2819,327,213,2023-02-22,1660.07
2820,426,386,2023-05-09,2097.41
2821,839,360,2023-06-15,1432.7
2822,114,464,2023-03-25,420.6
2823,713,339,2023-01-12,506.58
2824,810,212,2023-06-06,1869.79
2825,324,302,2023-04-23,1507.79
2826,646,367,2023-06-08,1647.7
2827,607,406,2023-12-13,1628.68
2828,178,26,2023-08-24,1922.03
2829,320,365,2023-08-14,1078.35
2830,784,411,2023-11-04,883.05
2831,714,449,2023-09-30,1586.7
2832,714,109,2023-11-30,1103.62
2833,906,426,2023-04-15,1236.69
2834,599,409,2023-08-10,219.24
2835,939,23,2023-03-10,1954.26
2836,767,129,2023-04-15,1641.67
2837,891,489,2023-03-06,1702.39
2838,118,80,2023-08-02,1660.5
2839,478,150,2023-07-15,295.59
2840,44,94,2023-04-27,299.26
2841,385,427,2023-01-08,1950.46
2842,185,374,2023-04-04,1924.68
2843,835,416,2023-01-03,1876.11
2844,935,147,2023-03-04,1592.58
2845,687,196,2023-12-30,830.28
2846,684,218,2023-07-24,1750.68
2847,121,90,2023-03-31,1553.98
2848,724,172,2023-06-19,1394.03
2849,891,460,2023-11-05,867.23
2850,61,242,2023-07-02,1436.47
2851,356,230,2023-07-23,612.9
2852,404,270,2023-09-16,1186.78
2853,135,45,2023-05-17,456.41
2854,460,284,2023-09-24,470.69
2855,711,110,2023-09-19,1450.15
2856,203,352,2023-10-25,619.88
2857,897,500,2023-05-17,1732.46
2858,695,167,2023-04-07,1254.34
2859,771,42,2023-01-15,1164.3
2860,278,404,2023-03-02,632.02
2861,788,237,2023-05-30,1915.64
2862,124,296,2023-10-27,1826.19
2863,586,163,2023-03-06,1201.22
2864,926,385,2023-06-07,2259.23
2865,532,145,2023-07-19,865.21
2866,263,119,2023-08-29,1354.72
2867,747,439,2023-03-09,1575.12
2868,947,395,2023-04-27,372.11
2869,478,365,2023-08-23,149.55
2870,681,482,2023-06-30,1244.15
2871,995,362,2023-07-25,2218.48
2872,311,59,2023-12-25,1280.82
2873,582,316,2023-10-07,393.42
2874,315,170,2023-01-12,953.22
2875,224,150,2023-11-24,1149.17
2876,738,417,2023-10-12,914.01
2877,215,423,2023-12-02,2328.19
2878,39,321,2023-02-06,2131.89
2879,632,316,2023-10-02,1620.4
2880,460,53,2023-02-17,1979.18
2881,619,113,2023-11-21,1970.08
2882,64,427,2023-04-29,365.81
2883,210,328,2023-10-30,2483.4
2884,329,183,2023-08-01,708.45
2885,715,360,2023-11-10,24.14
2886,569,156,2023-07-10,2346.41
2887,375,415,2023-07-09,1846.03
2888,81,469,2023-05-04,685.39
2889,826,109,2023-02-02,1881.42
2890,544,66,2023-06-01,2334.66
2891,995,361,2023-04-29,995.1
2892,376,16,2023-04-26,768.5
2893,25,427,2023-05-27,221.33
2894,775,374,2023-05-01,1731.9
2895,5,189,2023-02-07,1890.98
2896,620,72,2023-05-27,975.49
2897,104,38,2023-10-06,2232.88
2898,286,23,2023-02-10,1276.01
2899,178,441,2023-07-09,1729.15
2900,462,12,2023-08-13,1102.93
2901,266,62,2023-08-20,370.14
2902,687,329,2023-08-07,1567.36
2903,584,8,2023-12-25,1245.96
2904,909,234,2023-03-24,570.72
2905,833,499,2023-08-30,713.7
2906,25,124,2023-12-17,492.02
2907,238,81,2023-08-17,1482.85
2908,344,416,2023-11-18,60.95
2909,113,391,2023-06-22,1728.12
2910,170,361,2023-02-07,1420.05
2911,360,37,2023-08-06,1940.1
2912,383,314,2023-02-02,1404.59
2913,621,371,2023-01-13,1730.67
2914,450,259,2023-07-13,1705.5
2915,189,113,2023-08-17,127.57
2916,763,72,2023-01-15,2043.31
2917,752,336,2023-07-19,2136.14
2918,125,105,2023-12-01,599.81
2919,382,225,2023-05-20,1354.51
2920,919,247,2023-02-24,1848.43
2921,83,412,2023-04-09,614.27
2922,502,271,2023-02-04,1873.38
2923,175,431,2023-05-02,2123.37
2924,374,174,2023-10-29,2493.42
2925,703,190,2023-02-27,821.76
2926,71,92,2023-05-30,976.02
2927,960,491,2023-09-16,1200.76
2928,481,237,2023-02-11,1836.77
2929,402,60,2023-03-09,895.33
2930,527,140,2023-04-29,338.77
2931,156,222,2023-11-22,233.47
2932,157,420,2023-10-25,1413.2
2933,288,462,2023-06-29,1360.16
2934,19,118,2023-05-14,1478.99
2935,275,471,2023-11-25,137.44
2936,158,327,2023-06-27,2120.37
2937,956,298,2023-05-12,986.86
2938,264,110,2023-08-26,2001.5
2939,774,205,2023-02-11,1428.04
2940,730,320,2023-01-21,851.06
2941,56,328,2023-02-21,2252.04
2942,97,79,2023-01-07,2319.02
2943,403,198,2023-01-13,183.96
2944,105,272,2023-11-10,2058.11
2945,29,334,2023-10-10,2423.89
2946,32,191,2023-03-25,243.57
2947,920,55,2023-07-15,579.1
2948,419,365,2023-11-02,2018.44
2949,492,286,2023-01-27,1121.76
2950,202,77,2023-07-20,1093.74
2951,822,136,2023-02-10,722.63
2952,227,201,2023-07-22,2192.4
2953,564,182,2023-05-14,565.19
2954,15,302,2023-06-04,963.27
2955,198,431,2023-11-25,2075.89
2956,554,431,2023-06-07,1085.53
2957,193,361,2023-02-15,326.68
2958,705,296,2023-06-05,2263.08
2959,702,329,2023-11-13,626.07
2960,266,67,2023-04-04,490.06
2961,467,395,2023-10-29,1094.06
2962,324,345,2023-07-30,919.11
2963,130,368,2023-03-02,2469.8
2964,964,451,2023-04-20,500.07
2965,191,386,2023-01-13,345.73
2966,428,273,2023-03-14,1753.32
2967,919,433,2023-03-15,480.61
2968,137,290,2023-12-12,1663.93
2969,739,152,2023-08-24,1350.17
2970,359,312,2023-08-27,2405.46
2971,92,379,2023-03-11,65.74
2972,122,444,2023-10-25,2254.76
2973,396,367,2023-06-27,264.65
2974,424,295,2023-09-03,2272.96
2975,991,210,2023-08-18,1537.3
2976,857,461,2023-02-05,124.75
2977,475,329,2023-08-16,553.78
2978,406,158,2023-01-06,871.61
2979,867,79,2023-02-26,2308.68
2980,987,251,2023-05-12,1064.52
2981,38,430,2023-05-23,870.92
2982,392,21,2023-07-05,1858.94
2983,401,169,2023-11-02,1968.21
2984,323,76,2023-06-29,1115.57
2985,3,166,2023-01-29,272.41
2986,732,19,2023-07-16,1431.12
2987,388,399,2023-09-22,663.42
2988,333,120,2023-06-23,2483.87
2989,578,392,2023-12-11,1917.56
2990,599,237,2023-10-03,1544.38
2991,740,231,2023-10-05,241.58
2992,534,78,2023-10-27,2281.53
2993,169,342,2023-03-17,1836.25
2994,777,142,2023-11-23,1831.8
2995,74,327,2023-10-31,710.46
2996,16,162,2023-01-21,830.83
2997,591,16,2023-05-10,912.14
2998,820,444,2023-01-07,1449.17
2999,189,270,2023-09-22,2246.2
3000,732,191,2023-07-29,173.29
3001,138,172,2023-01-04,439.7
3002,641,128,2023-06-01,2088.59
3003,595,490,2023-10-18,708.37
3004,669,357,2023-03-07,708.88
3005,746,198,2023-10-16,1505.23
3006,755,294,2023-05-23,230.27
3007,587,309,2023-08-02,169.25
3008,656,494,2023-07-28,1916.44
3009,63,284,2023-01-31,70.53
3010,347,419,2023-12-18,911.11
3011,990,183,2023-11-16,658.67
3012,978,20,2023-05-23,1064.71
3013,368,445,2023-08-07,72.33
3014,679,228,2023-03-16,998.48
3015,99,382,2023-12-27,933.05
3016,484,95,2023-01-07,147.3
3017,40,350,2023-07-18,1254.39
3018,121,450,2023-12-18,602.4
3019,212,477,2023-05-13,1761.32
3020,999,285,2023-01-19,1304.97
3021,207,41,2023-02-11,259.53
3022,482,269,2023-11-25,2473.43
3023,716,23,2023-11-20,1902.37
3024,69,59,2023-12-20,1377.64
3025,192,214,2023-04-14,475.24
3026,503,157,2023-10-01,1161.75
3027,111,462,2023-10-14,1250.36
3028,347,388,2023-05-20,259.7
3029,763,109,2023-10-13,790.52
3030,56,226,2023-09-02,1958.59
3031,744,52,2023-09-17,501.56
3032,360,272,2023-10-08,438.38
3033,672,58,2023-11-29,1727.88
3034,121,336,2023-03-03,1621.59
3035,211,43,2023-03-17,1490.09
3036,331,451,2023-09-21,87.66
3037,607,413,2023-12-07,878.74
3038,717,399,2023-12-02,2322.04
3039,108,218,2023-11-04,11.98
3040,480,23,2023-11-01,1502.18
3041,191,267,2023-10-14,1938.74
3042,302,136,2023-04-24,215.4
3043,3,212,2023-03-13,770.81
3044,854,438,2023-01-11,1247.41
3045,593,486,2023-11-06,966.06
3046,710,28,2023-12-19,1730.28
3047,162,34,2023-11-20,453.96
3048,846,212,2023-10-17,603.7
3049,111,142,2023-02-25,1251.59
3050,626,318,2023-05-04,23.55
3051,423,227,2023-02-25,2314.83
3052,624,313,2023-07-15,86.59
3053,165,292,2023-06-20,628.22
3054,6,459,2023-01-09,2409.39
3055,892,28,2023-10-15,1475.62
3056,893,41,2023-07-31,436.56
3057,195,245,2023-02-14,2496.09
3058,386,209,2023-08-31,2057.28
3059,507,217,2023-05-22,2334.39
3060,254,329,2023-08-15,1770.87
3061,175,290,2023-10-24,36.92
3062,923,431,2023-05-29,2290.53
3063,990,103,2023-10-29,1269.03
3064,913,368,2023-08-13,1874.35
3065,62,433,2023-09-01,1145.18
3066,811,306,2023-12-09,676.63
3067,490,285,2023-05-12,1872.7
3068,218,227,2023-12-02,2097.36
3069,803,235,2023-11-21,2293.35
3070,920,135,2023-02-08,1600.67
3071,264,377,2023-11-02,2090.31
3072,162,200,2023-11-09,1718.4
3073,3,247,2023-11-12,1064.58
3074,421,189,2023-05-03,606.09
3075,682,420,2023-03-30,1053.57
3076,511,25,2023-11-03,508.33
3077,898,461,2023-02-14,2159.52
3078,70,11,2023-07-09,738.31
3079,539,440,2023-01-02,1010.37
3080,427,431,2023-08-16,2039.57
3081,247,66,2023-01-01,344.57
3082,909,454,2023-07-31,1292.32
3083,498,60,2023-05-14,578.91
3084,15,72,2023-11-04,1423.78
3085,430,197,2023-04-15,194.24
3086,66,477,2023-01-07,1558.53
3087,949,461,2023-11-21,380.7
3088,840,33,2023-02-11,58.16
3089,44,248,2023-03-15,1504.12
3090,887,416,2023-09-05,1775.59
3091,170,314,2023-02-21,2318.89
3092,880,190,2023-12-28,1098.2
3093,583,377,2023-07-17,1114.33
3094,740,281,2023-09-21,1368.05
3095,652,299,2023-11-09,1778.46
3096,909,133,2023-09-17,1499.4
3097,190,360,2023-08-13,98.49
3098,353,443,2023-02-18,1229.08
3099,821,489,2023-01-07,940.65
3100,769,287,2023-01-27,1393.68
3101,183,448,2023-05-02,689.89
3102,283,156,2023-03-30,1351.62
3103,196,195,2023-02-02,2480.66
3104,228,289,2023-02-09,572.74
3105,397,259,2023-01-27,1027.6
3106,82,186,2023-09-06,1426.51
3107,413,428,2023-01-17,1893.55
3108,71,5,2023-05-01,1276.52
3109,370,212,2023-01-27,1559.86
3110,54,20,2023-04-26,594.26
3111,852,493,2023-02-12,325.32
3112,190,237,2023-04-09,615.99
3113,802,53,2023-02-22,2109.38
3114,397,371,2023-08-09,1859.47
3115,100,134,2023-12-24,450.9
3116,159,138,2023-05-18,163.24
3117,295,258,2023-04-23,2433.86
3118,468,457,2023-01-12,204.73
3119,958,235,2023-10-29,1827.4
3120,443,415,2023-10-16,1112.27
3121,365,371,2023-08-22,62.89
3122,333,82,2023-01-19,1534.9
3123,555,121,2023-01-24,2274.43
3124,922,364,2023-09-13,1977.12
3125,852,38,2023-01-10,2460.37
3126,525,148,2023-06-18,1152.34
3127,862,279,2023-09-29,1216.9
3128,508,479,2023-09-04,35.3
3129,684,165,2023-04-03,1143.71
3130,800,46,2023-01-05,2161.17
3131,239,197,2023-07-31,620.97
3132,176,312,2023-09-13,430.05
3133,450,177,2023-02-21,727.01
3134,469,326,2023-01-23,1685.38
3135,216,66,2023-05-07,991.53
3136,16,419,2023-07-01,1884.61
3137,26,312,2023-02-04,1132.63
3138,652,159,2023-03-29,1342.44
3139,773,216,2023-03-25,1362.51
3140,444,434,2023-01-31,1808.77
3141,562,22,2023-06-19,560.11
3142,756,122,2023-08-04,1034.43
3143,85,262,2023-02-09,537.37
3144,38,222,2023-06-06,2107.38
3145,327,206,2023-09-23,503.01
3146,197,193,2023-01-13,2447.7
3147,770,187,2023-05-09,1726.01
3148,938,434,2023-11-21,1111.59
3149,613,91,2023-08-19,539.32
3150,327,6,2023-11-17,1166.56
3151,811,278,2023-09-08,1009.17
3152,210,246,2023-08-14,637.27
3153,341,261,2023-07-07,214.46
3154,903,208,2023-04-11,1363.72
3155,30,264,2023-12-16,1013.11
3156,372,440,2023-05-19,2008.35
3157,920,363,2023-09-02,681.58
3158,836,109,2023-04-13,1200.79
3159,918,363,2023-11-09,1931.17
3160,798,250,2023-07-16,801.99
3161,116,163,2023-09-10,1113.84
3162,564,120,2023-10-23,2267.28
3163,815,199,2023-11-04,2296.61
3164,985,384,2023-01-08,117.39
3165,575,329,2023-09-12,1902.99
3166,403,183,2023-07-25,1150.52
3167,602,244,2023-01-02,1588.95
3168,624,291,2023-10-26,345.27
3169,521,122,2023-04-21,56.63
3170,457,91,2023-02-06,1368.33
3171,188,47,2023-12-25,1526.47
3172,388,178,2023-07-14,1130.13
3173,676,35,2023-02-23,1231.96
3174,877,38,2023-11-13,665.19
3175,333,448,2023-09-06,1970.95
3176,385,300,2023-10-13,1074.0
3177,659,135,2023-12-05,1452.84
3178,772,58,2023-07-20,516.8
3179,721,473,2023-10-03,994.52
3180,979,369,2023-03-05,2331.88
3181,577,28,2023-04-27,763.98
3182,852,280,2023-08-11,1268.67
3183,167,27,2023-08-24,2081.64
3184,518,179,2023-07-04,143.58
3185,686,436,2023-06-19,2106.25
3186,897,18,2023-12-16,353.83
3187,998,25,2023-12-21,2093.73
3188,185,53,2023-06-12,452.04
3189,989,132,2023-03-30,1972.5
3190,906,323,2023-01-05,1239.28
3191,687,129,2023-07-25,1578.46
3192,337,324,2023-04-25,2361.9
3193,129,315,2023-07-10,280.19
3194,86,488,2023-08-23,787.33
3195,270,148,2023-11-07,2467.65
3196,685,207,2023-02-08,1053.6
3197,662,20,2023-04-14,121.13
3198,714,326,2023-08-16,1758.03
3199,638,399,2023-02-09,2145.2
3200,358,445,2023-08-30,1007.26
3201,612,72,2023-10-09,2425.57
3202,451,461,2023-01-23,476.53
3203,562,347,2023-11-05,1875.59
3204,330,54,2023-12-19,2222.57
3205,855,207,2023-06-02,2417.21
3206,271,261,2023-02-16,2091.53
3207,231,296,2023-10-15,1405.37
3208,244,341,2023-07-25,2170.15
3209,309,466,2023-05-10,1515.67
3210,255,93,2023-05-03,1090.22
3211,291,174,2023-08-24,1146.83
3212,912,414,2023-04-10,505.46
3213,674,167,2023-04-14,699.61
3214,365,60,2023-07-04,1991.0
3215,837,353,2023-11-27,1638.56
3216,759,206,2023-05-13,1491.19
3217,251,161,2023-03-21,1606.86
3218,310,319,2023-04-18,655.24
3219,786,169,2023-09-19,1208.43
3220,49,255,2023-12-06,317.28
3221,378,118,2023-04-23,1634.77
3222,129,244,2023-02-14,2462.24
3223,241,493,2023-10-15,1864.04
3224,192,168,2023-04-13,1410.39
3225,731,52,2023-06-25,93.42
3226,954,428,2023-05-04,1379.91
3227,995,113,2023-04-03,1934.12
3228,987,130,2023-03-23,1951.9
3229,159,381,2023-09-13,2206.02
3230,290,267,2023-03-21,2058.26
3231,463,48,2023-04-24,2324.53
3232,647,59,2023-12-11,1897.21
3233,206,229,2023-05-22,1398.24
3234,789,178,2023-12-26,659.67
3235,638,161,2023-07-03,45.8
3236,992,256,2023-08-23,673.0
3237,60,87,2023-07-29,13.18
3238,665,95,2023-12-27,1232.54
3239,498,463,2023-03-11,632.46
3240,603,53,2023-04-27,1951.69
3241,853,101,2023-07-18,1201.06
3242,977,291,2023-01-27,2488.57
3243,440,499,2023-12-23,1958.02
3244,651,54,2023-03-06,1134.41
3245,756,135,2023-01-01,278.57
3246,51,281,2023-08-14,1228.11
3247,545,75,2023-09-18,571.77
3248,761,348,2023-06-11,1136.8
3249,20,353,2023-06-13,1486.28
3250,778,358,2023-12-07,1849.64
3251,361,478,2023-08-10,2066.49
3252,996,484,2023-10-24,1217.66
3253,210,165,2023-12-03,1648.04
3254,54,139,2023-07-16,225.34
3255,496,405,2023-04-12,786.27
3256,877,294,2023-05-06,1602.32
3257,472,333,2023-04-18,2163.83
3258,823,311,2023-09-08,1584.98
3259,248,482,2023-09-08,2333.71
3260,617,272,2023-08-06,1350.72
3261,932,418,2023-06-05,758.73
3262,271,200,2023-02-27,1979.85
3263,891,206,2023-11-02,2185.36
3264,362,9,2023-10-05,1303.58
3265,518,246,2023-05-17,2476.64
3266,867,64,2023-10-16,389.51
3267,558,357,2023-07-11,1963.22
3268,64,5,2023-03-14,1704.27
3269,211,250,2023-12-14,947.94
3270,810,367,2023-06-12,349.83
3271,379,467,2023-04-23,2140.6
3272,736,155,2023-07-22,1786.47
3273,79,204,2023-11-29,2035.74
3274,744,112,2023-10-21,216.07
3275,448,344,2023-09-25,1492.41
3276,645,390,2023-05-23,969.23
3277,991,145,2023-08-13,784.46
3278,25,462,2023-11-16,1077.14
3279,68,386,2023-08-27,2129.93
3280,707,168,2023-02-03,625.56
3281,776,300,2023-06-15,1094.09
3282,607,353,2023-07-30,105.72
3283,591,264,2023-02-16,1580.05
3284,114,329,2023-05-06,617.63
3285,575,368,2023-11-16,938.03
3286,443,472,2023-07-31,961.25
3287,328,315,2023-11-12,2005.02
3288,398,500,2023-08-05,557.7
3289,731,86,2023-07-09,2390.01
3290,104,274,2023-02-26,261.52
3291,549,433,2023-10-11,2026.37
3292,981,396,2023-10-16,2483.8
3293,836,488,2023-09-03,2153.84
3294,248,213,2023-01-10,80.41
3295,430,107,2023-11-14,1970.37
3296,682,421,2023-09-13,1351.91
3297,68,487,2023-02-04,2006.88
3298,549,442,2023-10-13,1505.13
3299,611,498,2023-02-27,2223.51
3300,286,231,2023-05-27,917.95
3301,628,189,2023-01-14,536.98
3302,218,307,2023-06-19,458.33
3303,426,476,2023-12-07,1714.13
3304,262,209,2023-10-01,918.72
3305,478,167,2023-07-01,1130.12
3306,935,412,2023-04-02,1381.56
3307,943,166,2023-03-02,1934.94
3308,437,42,2023-12-27,1226.25
3309,928,240,2023-09-19,797.55
3310,142,162,2023-01-11,633.66
3311,559,75,2023-10-21,30.69
3312,866,342,2023-12-28,1432.68
3313,705,225,2023-01-12,2280.04
3314,834,329,2023-11-26,1236.9
3315,18,117,2023-06-18,2070.28
3316,675,262,2023-02-27,203.37
3317,576,49,2023-03-20,1601.26
3318,917,457,2023-03-24,1661.95
3319,111,8,2023-08-24,967.09
3320,309,247,2023-02-03,1799.66
3321,751,87,2023-12-09,1480.32
3322,567,280,2023-12-23,158.76
3323,221,305,2023-12-21,2187.27
3324,343,128,2023-08-03,1924.01
3325,304,146,2023-04-10,1409.47
3326,345,83,2023-06-08,595.59
3327,157,346,2023-03-24,1866.29
3328,794,4,2023-09-22,1558.24
3329,766,175,2023-04-30,18.35
3330,388,97,2023-11-27,194.93
3331,895,427,2023-05-18,1860.9
3332,499,13,2023-07-10,2041.13
3333,444,138,2023-05-02,1249.23
3334,463,147,2023-12-10,2315.9
3335,137,293,2023-06-30,214.27
3336,167,23,2023-12-30,159.48
3337,883,260,2023-11-17,987.8
3338,682,293,2023-04-30,1059.11
3339,256,289,2023-02-17,1524.22
3340,736,179,2023-07-20,1181.41
3341,268,255,2023-05-14,289.55
3342,398,74,2023-11-19,146.46
3343,673,352,2023-04-05,2346.15
3344,950,256,2023-02-05,606.47
3345,385,395,2023-09-16,1185.55
3346,815,151,2023-03-21,1044.68
3347,365,486,2023-06-18,1996.17
3348,704,159,2023-04-23,2208.78
3349,453,44,2023-03-08,820.73
3350,731,112,2023-11-17,253.72
3351,174,196,2023-10-21,2171.55
3352,910,109,2023-03-29,1936.43
3353,593,67,2023-04-20,148.24
3354,316,212,2023-09-02,834.12
3355,736,313,2023-11-10,480.37
3356,217,315,2023-01-11,2251.81
3357,181,178,2023-12-25,17.73
3358,703,421,2023-10-11,109.72
3359,269,173,2023-11-01,338.3
3360,416,478,2023-11-07,847.55
3361,143,244,2023-08-18,219.43
3362,297,26,2023-02-24,1178.17
3363,809,300,2023-12-30,1675.28
3364,460,272,2023-04-28,55.71
3365,578,129,2023-03-12,716.69
3366,287,174,2023-06-14,1623.34
3367,131,457,2023-04-22,997.45
3368,144,376,2023-09-18,991.07
3369,689,280,2023-11-07,825.99
3370,359,36,2023-03-17,1927.11
3371,951,95,2023-03-05,1687.99
3372,457,460,2023-12-05,721.33
3373,64,436,2023-03-01,2008.05
3374,340,296,2023-10-21,429.81
3375,557,32,2023-03-30,1471.79
3376,109,96,2023-04-14,114.77
3377,683,223,2023-08-31,2032.66
3378,393,178,2023-11-24,997.39
3379,41,394,2023-04-26,244.44
3380,297,84,2023-09-10,1411.65
3381,719,262,2023-03-28,1624.51
3382,885,192,2023-11-05,1760.86
3383,255,446,2023-04-04,461.98
3384,880,32,2023-06-12,2234.34
3385,748,272,2023-09-05,676.4
3386,998,292,2023-11-19,2035.6
3387,563,25,2023-03-20,2489.02
3388,353,145,2023-03-02,1232.82
3389,587,447,2023-03-20,62.22
3390,532,149,2023-09-03,2324.38
3391,717,25,2023-07-05,1605.72
3392,426,148,2023-01-01,332.41
3393,892,57,2023-04-20,42.64
3394,556,162,2023-02-23,2072.84
3395,37,352,2023-03-18,221.21
3396,454,326,2023-11-28,226.24
3397,472,395,2023-07-02,983.44
3398,155,52,2023-08-14,39.25
3399,965,398,2023-08-22,2204.01
3400,591,76,2023-11-23,1852.38
3401,226,455,2023-10-21,329.35
3402,516,429,2023-04-23,632.84
3403,176,121,2023-11-18,2251.16
3404,6,130,2023-05-05,1994.58
3405,58,19,2023-11-08,2471.5
3406,22,368,2023-05-24,1152.42
3407,839,499,2023-06-26,25.44
3408,470,443,2023-09-05,2390.02
3409,241,259,2023-07-01,591.31
3410,846,146,2023-04-06,68.45
3411,81,168,2023-02-28,584.24
3412,181,427,2023-06-05,657.88
3413,99,43,2023-07-13,856.73
3414,242,299,2023-08-26,1176.96
3415,389,377,2023-05-17,708.08
3416,384,427,2023-11-23,779.24
3417,297,91,2023-07-11,1708.85
3418,110,429,2023-02-21,299.03
3419,565,493,2023-11-26,369.02
3420,652,96,2023-09-08,805.51
3421,60,385,2023-07-17,1427.08
3422,753,179,2023-11-20,1884.32
3423,774,10,2023-06-11,2264.6
3424,634,113,2023-05-26,1280.35
3425,139,301,2023-12-23,2345.75
3426,912,63,2023-07-30,543.52
3427,870,363,2023-07-21,1594.26
3428,511,273,2023-12-28,1614.58
3429,399,315,2023-03-02,2071.28
3430,449,127,2023-05-30,2267.51
3431,504,275,2023-03-23,1080.64
3432,384,221,2023-12-24,519.1
3433,653,348,2023-12-13,1403.13
3434,862,92,2023-01-27,727.91
3435,271,367,2023-07-01,2408.67
3436,938,403,2023-05-07,1957.02
3437,809,310,2023-11-19,81.52
3438,110,227,2023-08-31,1485.74
3439,949,378,2023-08-01,1022.77
3440,935,397,2023-08-26,893.73
3441,188,268,2023-01-08,1579.68
3442,930,497,2023-07-10,738.49
3443,873,349,2023-11-16,591.84
3444,701,120,2023-05-18,2423.74
3445,354,407,2023-08-01,2046.64
3446,196,497,2023-07-05,2188.32
3447,809,292,2023-06-04,170.22
3448,829,120,2023-03-08,1366.91
3449,590,389,2023-04-29,346.48
3450,524,342,2023-04-04,1246.83
3451,460,241,2023-01-24,939.09
3452,168,204,2023-06-15,17.87
3453,593,114,2023-08-15,2118.74
3454,837,166,2023-01-08,2230.07
3455,230,26,2023-06-22,2332.46
3456,830,58,2023-01-01,2100.35
3457,90,229,2023-05-15,945.46
3458,637,391,2023-12-31,292.05
3459,296,212,2023-09-17,2364.81
3460,915,246,2023-11-27,1196.48
3461,295,486,2023-06-20,784.94
3462,591,396,2023-06-09,2461.79
3463,544,217,2023-06-23,859.07
3464,272,7,2023-06-14,1099.16
3465,549,151,2023-02-10,13.14
3466,988,496,2023-08-18,814.34
3467,241,111,2023-12-04,789.01
3468,608,138,2023-09-10,2384.55
3469,829,286,2023-02-11,788.01
3470,251,311,2023-01-22,1649.44
3471,62,421,2023-10-12,1666.78
3472,756,408,2023-09-02,1144.48
3473,560,465,2023-07-03,1909.79
3474,36,367,2023-09-12,1028.01
3475,954,296,2023-02-13,294.8
3476,97,20,2023-05-16,2268.27
3477,838,89,2023-05-04,1267.93
3478,279,294,2023-06-26,713.01
3479,587,215,2023-02-06,1403.35
3480,802,37,2023-03-14,1517.33
3481,299,456,2023-08-24,417.74
3482,495,157,2023-10-06,218.55
3483,564,169,2023-02-12,1779.01
3484,575,269,2023-07-26,2159.64
3485,442,91,2023-09-21,1209.57
3486,107,160,2023-03-30,2032.43
3487,158,436,2023-03-26,1931.9
3488,845,68,2023-09-16,2407.19
3489,719,437,2023-02-06,1200.41
3490,384,467,2023-02-10,1011.36
3491,715,3,2023-07-18,1956.73
3492,628,347,2023-05-17,1510.56
3493,559,23,2023-04-19,350.44
3494,143,253,2023-01-22,324.23
3495,381,171,2023-01-13,206.19
3496,184,439,2023-12-13,2491.01
3497,605,232,2023-02-27,298.27
3498,438,128,2023-10-15,1698.49
3499,737,242,2023-10-22,282.0
3500,543,25,2023-09-01,2365.91
3501,632,2,2023-04-01,612.27
3502,331,9,2023-10-23,1346.42
3503,841,376,2023-05-24,950.86
3504,506,381,2023-07-16,29.34
3505,3,397,2023-11-17,1051.69
3506,561,169,2023-06-11,83.86
3507,375,437,2023-05-03,2270.76
3508,265,48,2023-04-16,1931.51
3509,412,325,2023-03-29,1687.61
3510,667,55,2023-01-10,1916.34
3511,468,350,2023-08-09,830.19
3512,610,354,2023-12-22,1889.79
3513,647,119,2023-08-26,1163.86
3514,121,90,2023-04-14,872.34
3515,47,41,2023-07-01,405.76
3516,461,48,2023-05-03,2286.2
3517,992,257,2023-03-17,1933.7
3518,186,95,2023-08-15,199.66
3519,566,494,2023-03-20,1279.98
3520,259,49,2023-11-16,1015.78
3521,801,129,2023-09-30,658.97
3522,847,199,2023-07-24,353.83
3523,873,485,2023-07-13,1894.81
3524,927,485,2023-09-01,776.76
3525,137,426,2023-12-20,1590.28
3526,901,440,2023-02-07,938.89
3527,501,243,2023-10-15,1901.47
3528,933,343,2023-02-07,1822.01
3529,685,270,2023-07-10,1403.08
3530,937,399,2023-02-02,244.83
3531,395,97,2023-10-03,1109.39
3532,261,491,2023-11-02,2186.74
3533,370,266,2023-11-16,1792.93
3534,340,209,2023-04-11,1045.95
3535,139,41,2023-09-02,1703.81
3536,493,392,2023-06-15,2021.43
3537,401,401,2023-11-06,1236.42
3538,661,368,2023-03-23,1934.45
3539,785,388,2023-06-19,2378.39
3540,543,171,2023-03-28,2313.1
3541,787,473,2023-04-28,860.39
3542,245,9,2023-08-01,2259.42
3543,532,265,2023-06-12,2403.84
3544,388,236,2023-02-04,1035.07
3545,853,85,2023-01-06,500.12
3546,210,363,2023-03-01,1602.68
3547,94,456,2023-09-24,392.42
3548,417,197,2023-03-20,194.68
3549,860,289,2023-12-28,534.73
3550,438,429,2023-06-18,1699.95
3551,262,145,2023-11-23,2270.91
3552,642,451,2023-07-11,424.32
3553,673,219,2023-09-10,742.09
3554,66,70,2023-11-21,1195.66
3555,627,101,2023-02-24,1199.46
3556,124,251,2023-09-08,2099.28
3557,245,165,2023-09-16,1805.18
3558,125,25,2023-08-11,65.33
3559,25,24,2023-10-08,1499.22
3560,17,158,2023-02-19,640.93
3561,733,142,2023-09-02,1543.61
3562,452,457,2023-04-28,2099.05
3563,477,125,2023-11-22,2023.22
3564,966,202,2023-02-05,1717.68
3565,678,421,2023-02-01,2020.22
3566,178,223,2023-05-06,1825.5
3567,401,355,2023-03-23,2425.36
3568,917,325,2023-09-07,1977.99
3569,126,58,2023-05-19,634.76
3570,297,386,2023-03-22,2452.17
3571,290,431,2023-09-13,980.26
3572,483,86,2023-12-17,683.54
3573,253,347,2023-10-24,1963.75
3574,865,279,2023-08-14,616.41
3575,315,196,2023-04-11,1776.58
3576,791,128,2023-03-21,958.46
3577,6,383,2023-07-19,2330.9
3578,115,41,2023-09-15,953.26
3579,138,216,2023-10-03,2296.2
3580,787,284,2023-09-22,1118.11
3581,446,111,2023-07-14,1756.3
3582,668,125,2023-10-21,1016.16
3583,158,223,2023-07-13,484.56
3584,43,125,2023-04-29,561.71
3585,902,402,2023-02-24,159.08
3586,861,226,2023-11-17,1130.05
3587,626,234,2023-07-14,1187.18
3588,603,146,2023-11-27,1899.35
3589,906,353,2023-07-29,1250.85
3590,94,342,2023-04-23,1206.6
3591,307,125,2023-10-11,1773.68
3592,136,254,2023-10-22,551.63
3593,706,19,2023-11-24,2495.61
3594,804,190,2023-02-16,1141.53
3595,843,267,2023-04-27,1591.98
3596,792,496,2023-11-25,1466.65
3597,44,83,2023-06-23,1624.52
3598,752,405,2023-05-28,650.59
3599,877,121,2023-01-07,2243.1
3600,613,121,2023-11-22,2276.83
3601,836,481,2023-09-11,1452.93
3602,769,62,2023-04-29,2011.9
3603,793,111,2023-12-24,831.59
3604,30,428,2023-10-05,1625.59
3605,138,47,2023-03-16,830.24
3606,867,64,2023-08-24,2226.35
3607,990,305,2023-03-22,118.14
3608,396,287,2023-08-22,536.32
3609,654,441,2023-06-25,328.73
3610,239,36,2023-07-05,2265.58
3611,610,82,2023-02-15,1343.16
3612,930,28,2023-11-07,32.46
3613,289,309,2023-11-10,2308.13
3614,39,496,2023-03-02,1598.06
3615,249,338,2023-12-03,79.03
3616,605,173,2023-05-20,266.59
3617,547,210,2023-08-21,1191.63
3618,41,371,2023-05-12,1098.05
3619,259,58,2023-03-18,972.76
3620,580,271,2023-12-07,1425.07
3621,402,321,2023-10-15,943.98
3622,439,223,2023-11-08,2025.56
3623,466,434,2023-08-31,772.07
3624,906,197,2023-11-07,1895.5
3625,148,399,2023-08-01,1139.39
3626,549,228,2023-10-27,2464.72
3627,811,408,2023-07-26,1270.67
3628,829,384,2023-12-07,319.69
3629,497,194,2023-06-09,2137.07
3630,118,493,2023-10-01,2217.28
3631,512,169,2023-03-21,204.46
3632,656,59,2023-04-09,966.7
3633,307,353,2023-09-08,938.74
3634,178,41,2023-03-28,469.42
3635,37,488,2023-10-26,601.1
3636,515,128,2023-06-17,122.26
3637,661,222,2023-12-19,1496.37
3638,524,377,2023-09-24,888.19
3639,783,450,2023-03-24,513.76
3640,101,359,2023-09-11,317.81
3641,958,243,2023-07-22,1758.18
3642,874,57,2023-11-26,1478.03
3643,843,108,2023-01-04,1838.09
3644,318,450,2023-06-12,2378.6
3645,771,465,2023-07-04,535.0
3646,863,30,2023-02-15,2330.42
3647,785,334,2023-07-06,1237.44
3648,846,267,2023-01-22,2497.07
3649,837,66,2023-08-27,1266.31
3650,621,172,2023-08-29,1074.38
3651,995,377,2023-09-02,2069.33
3652,163,150,2023-05-06,1234.08
3653,442,262,2023-09-24,174.12
3654,449,236,2023-07-25,356.45
3655,321,162,2023-07-18,1327.31
3656,559,127,2023-06-28,1409.17
3657,83,193,2023-04-26,349.05
3658,27,45,2023-07-02,1533.74
3659,399,93,2023-10-18,959.67
3660,919,217,2023-04-02,1484.74
3661,492,433,2023-09-03,1084.71
3662,852,338,2023-06-20,2200.13
3663,828,207,2023-12-16,777.73
3664,141,450,2023-12-07,1862.12
3665,185,463,2023-10-29,2478.18
3666,250,129,2023-09-30,2240.31
3667,691,409,2023-02-13,1699.38
3668,786,229,2023-12-29,2475.41
3669,795,422,2023-05-08,528.8
3670,308,355,2023-11-27,162.54
3671,134,187,2023-09-11,2406.66
3672,710,87,2023-07-12,310.26
3673,198,98,2023-04-10,1144.22
3674,631,363,2023-09-01,2291.12
3675,303,172,2023-03-15,2440.74
3676,981,69,2023-07-01,1562.57
3677,599,117,2023-11-13,523.51
3678,911,442,2023-10-23,198.36
3679,350,267,2023-06-29,658.49
3680,847,472,2023-08-05,1300.1
3681,481,104,2023-01-07,359.63
3682,852,433,2023-04-08,2187.7
3683,393,409,2023-01-19,2286.46
3684,855,103,2023-10-16,2241.82
3685,138,390,2023-05-03,310.73
3686,888,87,2023-09-14,341.68
3687,968,224,2023-07-05,2167.41
3688,189,370,2023-01-30,1131.08
3689,263,352,2023-07-18,273.53
3690,749,350,2023-06-08,344.27
3691,966,13,2023-08-23,1313.86
3692,494,403,2023-07-19,1344.43
3693,948,213,2023-06-19,1031.59
3694,389,204,2023-04-29,988.86
3695,157,39,2023-08-24,1936.3
3696,204,213,2023-02-02,48.2
3697,764,256,2023-05-21,1684.75
3698,656,270,2023-12-31,2171.04
3699,234,252,2023-06-18,303.05
3700,159,149,2023-02-21,56.76
3701,608,362,2023-07-16,921.83
3702,215,153,2023-04-02,730.99
3703,319,410,2023-06-21,306.55
3704,101,97,2023-05-04,572.98
3705,764,423,2023-02-08,767.47
3706,124,294,2023-05-03,101.94
3707,703,127,2023-03-06,871.86
3708,533,79,2023-06-08,1852.92
3709,430,258,2023-05-24,398.67
3710,940,442,2023-11-23,229.3
3711,862,208,2023-12-24,1938.7
3712,213,73,2023-07-12,553.47
3713,531,232,2023-07-08,156.37
3714,777,396,2023-02-23,2461.07
3715,408,177,2023-06-22,1328.91
3716,357,167,2023-12-07,254.79
3717,606,342,2023-06-12,850.01
3718,260,495,2023-06-15,1420.84
3719,516,279,2023-01-03,2207.01
3720,873,357,2023-03-04,438.56
3721,14,249,2023-08-21,288.66
3722,345,178,2023-10-16,780.39
3723,405,297,2023-08-13,1007.97
3724,880,152,2023-11-14,180.08
3725,62,407,2023-02-03,2092.04
3726,352,420,2023-09-08,1306.24
3727,555,430,2023-02-11,2293.31
3728,255,333,2023-04-09,1984.07
3729,506,384,2023-10-12,1562.88
3730,4,259,2023-09-16,2418.38
3731,954,91,2023-11-17,2430.43
3732,986,374,2023-12-11,1843.15
3733,533,256,2023-07-14,502.3
3734,591,465,2023-02-17,2284.82
3735,974,421,2023-02-15,1959.27
3736,923,473,2023-08-24,2187.63
3737,367,498,2023-01-18,1271.38
3738,371,61,2023-01-13,222.97
3739,738,396,2023-01-17,212.16
3740,256,137,2023-08-23,1572.17
3741,484,445,2023-12-23,325.2
3742,500,175,2023-03-24,1372.94
3743,404,409,2023-03-02,633.18
3744,391,193,2023-12-04,1609.24
3745,614,154,2023-06-05,1014.33
3746,275,250,2023-02-09,549.62
3747,567,290,2023-01-20,1999.56
3748,824,315,2023-12-20,1888.06
3749,572,148,2023-10-29,2029.29
3750,786,289,2023-07-31,1299.9
3751,945,119,2023-06-18,2282.09
3752,495,147,2023-11-25,2341.86
3753,768,175,2023-09-21,1303.93
3754,497,220,2023-08-10,2123.32
3755,779,354,2023-12-31,966.14
3756,398,435,2023-02-06,2054.33
3757,623,474,2023-04-09,158.18
3758,231,407,2023-04-19,1952.1
3759,366,413,2023-09-10,1423.18
3760,808,14,2023-04-23,2412.25
3761,847,43,2023-10-28,1854.79
3762,142,259,2023-06-11,2290.6
3763,945,273,2023-03-01,974.19
3764,662,213,2023-07-22,1087.79
3765,71,458,2023-05-14,243.13
3766,710,121,2023-10-17,1957.61
3767,851,307,2023-05-20,1658.31
3768,591,65,2023-08-28,2183.73
3769,931,161,2023-09-22,965.75
3770,714,267,2023-06-15,846.42
3771,484,25,2023-07-23,458.49
3772,549,271,2023-12-01,926.67
3773,146,64,2023-01-13,1195.72
3774,52,165,2023-04-16,1757.24
3775,876,499,2023-11-24,2333.26
3776,213,94,2023-11-26,1041.81
3777,336,263,2023-07-18,2154.38
3778,736,434,2023-10-29,1286.83
3779,93,197,2023-11-17,2305.86
3780,520,265,2023-01-10,995.3
3781,384,231,2023-07-17,614.51
3782,764,79,2023-02-22,1588.59
3783,251,118,2023-02-21,975.97
3784,671,440,2023-02-13,465.44
3785,451,329,2023-12-05,774.96
3786,842,388,2023-09-13,952.6
3787,492,295,2023-09-26,2012.49
3788,632,106,2023-08-22,2483.27
3789,340,63,2023-02-05,97.22
3790,541,11,2023-12-27,2074.24
3791,85,300,2023-11-27,1213.72
3792,65,454,2023-05-21,648.15
3793,615,277,2023-06-14,2124.76
3794,519,417,2023-07-28,163.69
3795,990,117,2023-02-15,395.19
3796,378,190,2023-07-25,1109.9
3797,334,273,2023-06-29,683.23
3798,860,209,2023-04-20,2362.3
3799,222,289,2023-04-04,1443.9
3800,964,332,2023-04-22,1682.66
3801,255,88,2023-05-24,572.81
3802,490,375,2023-01-09,815.67
3803,56,483,2023-04-06,2367.5
3804,267,466,2023-03-16,775.94
3805,952,97,2023-03-09,1009.9
3806,833,425,2023-03-03,293.55
3807,679,446,2023-11-26,586.33
3808,971,206,2023-11-12,1166.93
3809,365,487,2023-12-17,2117.11
3810,750,155,2023-12-17,2003.68
3811,169,319,2023-03-17,561.32
3812,831,255,2023-06-08,721.7
3813,880,370,2023-03-20,2249.82
3814,589,91,2023-05-15,1269.55
3815,497,227,2023-12-06,2374.96
3816,458,453,2023-04-25,1005.02
3817,94,451,2023-04-27,10.64
3818,704,61,2023-09-26,907.43
3819,143,302,2023-12-27,69.16
3820,93,398,2023-01-02,885.82
3821,943,63,2023-04-19,2201.14
3822,648,417,2023-05-10,579.37
3823,961,103,2023-04-10,2306.8
3824,954,285,2023-12-24,2247.51
3825,702,228,2023-08-24,604.74
3826,157,255,2023-07-19,1513.9
3827,241,165,2023-03-23,405.24
3828,297,180,2023-10-25,1313.33
3829,367,339,2023-06-12,724.68
3830,722,160,2023-07-25,760.6
3831,133,117,2023-12-03,746.61
3832,936,203,2023-12-10,550.91
3833,590,215,2023-11-24,229.52
3834,660,423,2023-04-14,1844.01
3835,739,116,2023-05-07,2179.89
3836,968,291,2023-09-12,2017.02
3837,534,156,2023-07-10,2160.94
3838,389,381,2023-03-29,691.56
3839,969,263,2023-09-04,1891.45
3840,519,240,2023-10-04,696.26
3841,928,167,2023-10-12,2151.6
3842,19,358,2023-06-27,157.48
3843,450,385,2023-02-09,2175.48
3844,509,381,2023-09-29,169.95
3845,263,265,2023-04-23,1998.81
3846,579,104,2023-05-26,2018.83
3847,203,278,2023-03-07,137.01
3848,967,256,2023-01-05,1093.42
3849,244,427,2023-10-12,957.85
3850,488,111,2023-03-19,1005.33
3851,743,359,2023-03-21,1769.17
3852,133,34,2023-02-19,2070.22
3853,422,399,2023-09-03,1067.5
3854,933,424,2023-01-02,2011.07
3855,515,411,2023-08-01,1391.63
3856,712,61,2023-12-15,878.22
3857,25,329,2023-09-13,937.04
3858,485,322,2023-04-19,1289.04
3859,970,206,2023-10-11,1467.04
3860,588,241,2023-06-24,2211.99
3861,470,119,2023-02-10,1068.35
3862,783,434,2023-06-17,1578.1
3863,458,409,2023-03-12,1616.11
3864,904,79,2023-10-10,486.13
3865,671,124,2023-01-22,2427.19
3866,515,155,2023-01-02,2050.52
3867,547,249,2023-11-07,438.97
3868,626,387,2023-03-06,283.36
3869,8,327,2023-09-25,1404.41
3870,246,386,2023-11-24,2055.66
3871,167,299,2023-05-25,2028.13
3872,697,338,2023-05-24,1430.54
3873,207,339,2023-10-26,1735.2
3874,641,357,2023-06-17,1458.93
3875,196,115,2023-08-15,1715.4
3876,20,183,2023-01-31,1200.84
3877,943,230,2023-02-20,1440.95
3878,948,446,2023-06-28,1550.39
3879,691,127,2023-01-07,2151.1
3880,834,377,2023-07-04,2236.18
3881,188,207,2023-08-27,1057.29
3882,97,337,2023-09-15,1957.8
3883,764,354,2024-01-01,531.48
3884,999,78,2023-10-28,2217.85
3885,177,120,2023-05-08,1710.55
3886,216,218,2023-02-05,1190.73
3887,359,224,2023-08-28,2227.2
3888,97,358,2023-11-20,706.53
3889,247,179,2023-08-30,1890.97
3890,325,490,2023-06-07,460.4
3891,681,402,2023-10-07,62.04
3892,456,162,2023-02-28,1662.48
3893,737,108,2023-09-12,1606.06
3894,971,394,2023-06-10,1928.68
3895,169,365,2023-02-12,805.85
3896,318,105,2023-03-27,591.51
3897,551,200,2023-02-05,1810.38
3898,333,244,2023-12-07,2407.81
3899,258,272,2023-10-24,2284.01
3900,868,138,2023-07-11,1293.84
3901,573,384,2023-09-26,460.69
3902,50,448,2023-12-23,1289.84
3903,358,165,2023-04-06,1924.48
3904,65,339,2023-04-07,772.67
3905,496,332,2023-09-06,1627.56
3906,78,341,2023-02-24,2204.21
3907,915,483,2023-07-26,269.6
3908,239,174,2023-11-10,132.47
3909,596,330,2023-11-04,1391.74
3910,723,343,2023-01-11,1954.44
3911,562,400,2023-03-29,1845.88
3912,118,333,2023-08-24,33.58
3913,297,499,2023-01-20,86.75
3914,848,142,2023-05-26,869.76
3915,195,451,2023-06-27,203.82
3916,838,303,2023-02-23,2325.74
3917,796,226,2023-01-08,919.05
3918,140,255,2023-05-20,265.12
3919,993,479,2023-11-27,1293.71
3920,626,235,2023-03-30,1554.26
3921,2,153,2023-01-27,1869.76
3922,56,220,2023-09-15,2194.92
3923,466,409,2023-11-19,1667.86
3924,866,286,2023-06-25,75.22
3925,50,292,2023-10-18,859.71
3926,932,129,2023-02-25,1543.81
3927,664,79,2023-07-08,1120.1
3928,960,408,2023-11-15,473.67
3929,371,320,2023-01-03,212.49
3930,100,316,2023-03-14,2167.04
3931,562,14,2023-02-24,1872.0
3932,143,120,2023-12-22,892.68
3933,503,233,2023-04-11,200.75
3934,747,274,2023-08-05,926.58
3935,842,44,2023-03-16,567.6
3936,131,141,2023-11-25,1784.71
3937,447,196,2023-07-16,1778.36
3938,631,165,2023-12-27,2151.67
3939,823,169,2023-09-27,1518.23
3940,853,202,2023-08-13,2428.21
3941,398,159,2023-09-05,253.64
3942,167,52,2023-07-29,195.44
3943,87,162,2023-12-28,1421.19
3944,11,133,2023-08-15,627.05
3945,371,250,2023-12-08,591.37
3946,631,353,2023-07-31,1026.59
3947,724,30,2023-10-08,1188.87
3948,20,118,2023-05-15,370.12
3949,568,12,2023-12-14,1232.02
3950,155,25,2023-10-24,1204.01
3951,705,73,2023-09-30,2251.74
3952,21,171,2023-04-11,2078.85
3953,119,244,2023-09-10,231.59
3954,978,194,2023-02-25,2493.29
3955,288,376,2023-05-02,2142.05
3956,134,157,2023-02-22,2011.69
3957,746,398,2023-08-27,2065.1
3958,66,97,2023-02-17,2372.02
3959,773,415,2023-03-30,1422.35
3960,888,457,2023-06-07,2174.97
3961,401,427,2023-05-02,41.34
3962,298,374,2023-09-01,1359.79
3963,470,224,2023-03-16,2072.96
3964,888,395,2023-02-10,683.51
3965,731,426,2023-05-13,1103.11
3966,986,284,2023-10-17,37.54
3967,576,131,2023-01-16,165.14
3968,122,449,2023-07-29,232.05
3969,116,78,2023-09-19,609.06
3970,961,242,2023-06-06,774.71
3971,753,73,2023-06-04,1239.97
3972,913,289,2023-06-09,861.02
3973,916,435,2023-02-17,119.44
3974,827,462,2023-05-22,174.86
3975,876,79,2024-01-01,632.54
3976,568,388,2023-03-01,1156.84
3977,32,49,2023-10-08,1386.01
3978,856,160,2023-07-20,2413.62
3979,25,84,2023-03-11,1452.75
3980,820,406,2023-01-19,549.85
3981,882,360,2023-01-02,63.16
3982,625,447,2023-06-28,2273.77
3983,138,455,2023-01-09,1486.53
3984,794,176,2023-05-27,1956.57
3985,772,31,2023-07-15,179.26
3986,558,461,2023-06-09,1919.38
3987,24,376,2023-07-24,1829.66
3988,996,468,2023-06-21,167.14
3989,170,258,2023-10-15,737.74
3990,595,428,2023-03-03,251.24
3991,661,227,2023-06-06,909.18
3992,640,58,2023-09-19,284.4
3993,655,36,2023-07-08,1610.33
3994,221,47,2023-06-27,628.16
3995,999,471,2023-01-01,2206.78
3996,921,232,2023-09-02,14.75
3997,521,185,2023-12-23,510.56
3998,299,157,2023-09-10,819.96
3999,642,427,2023-08-01,712.9
4000,490,316,2023-12-07,300.83
4001,760,161,2023-12-07,1597.35
4002,660,123,2023-12-02,1791.6
4003,204,382,2023-09-29,184.12
4004,893,200,2023-07-08,78.0
4005,15,158,2023-11-25,620.58
4006,760,363,2023-05-01,951.02
4007,659,83,2023-02-12,984.32
4008,612,489,2023-09-26,1080.13
4009,151,406,2023-02-24,786.33
4010,566,359,2023-10-13,59.89
4011,149,413,2023-12-31,1457.23
4012,755,424,2023-06-07,269.64
4013,499,243,2023-11-26,1982.28
4014,207,106,2023-12-12,1890.17
4015,774,22,2023-12-29,1098.01
4016,164,208,2023-06-05,248.53
4017,969,304,2023-08-18,1117.19
4018,987,237,2023-03-17,462.98
4019,148,467,2023-11-04,2163.65
4020,203,126,2023-11-05,2477.56
4021,239,374,2023-04-28,1671.19
4022,288,300,2023-01-04,308.8
4023,745,243,2023-07-25,1497.67
4024,521,209,2023-07-02,290.5
4025,294,342,2023-10-22,2021.99
4026,328,46,2023-05-27,1680.85
4027,953,458,2023-09-02,517.61
4028,745,70,2023-10-19,2007.79
4029,78,3,2023-05-01,935.97
4030,327,47,2023-02-23,1079.59
4031,890,214,2023-09-03,1465.45
4032,751,243,2023-08-11,1741.22
4033,965,113,2023-03-11,1937.4
4034,438,43,2023-03-24,2082.62
4035,781,279,2023-11-06,69.89
4036,789,109,2023-06-07,587.18
4037,56,204,2023-09-19,1565.96
4038,586,337,2023-07-20,491.25
4039,706,288,2023-09-05,2485.98
4040,689,221,2023-06-05,1645.13
4041,453,139,2023-03-26,2296.87
4042,272,120,2023-08-05,1220.06
4043,622,239,2023-07-20,2410.92
4044,657,304,2023-06-18,250.7
4045,684,292,2023-05-11,2486.38
4046,911,50,2023-11-18,1554.78
4047,54,144,2023-08-26,1055.62
4048,17,241,2023-04-06,1370.87
4049,679,59,2023-07-04,1256.58
4050,53,87,2023-12-16,859.12
4051,992,439,2023-03-29,1927.01
4052,204,246,2023-04-06,1663.02
4053,788,85,2023-12-30,2346.29
4054,781,98,2023-01-09,386.33
4055,755,490,2023-08-10,666.07
4056,349,500,2023-07-19,1798.95
4057,432,324,2023-09-04,1220.63
4058,311,422,2023-06-16,1068.31
4059,976,307,2023-01-16,1953.69
4060,480,5,2023-01-12,1657.93
4061,164,224,2023-11-04,1169.56
4062,506,243,2023-11-16,2194.53
4063,341,142,2023-03-02,2306.85
4064,67,255,2023-07-02,455.85
4065,248,472,2023-12-11,1652.93
4066,248,67,2023-03-23,1390.93
4067,392,82,2023-04-09,2190.23
4068,686,21,2023-03-24,1316.98
4069,254,347,2023-12-16,1790.97
4070,770,338,2023-05-10,2433.59
4071,662,397,2023-04-07,733.5
4072,45,455,2023-10-31,1037.26
4073,435,322,2023-10-29,215.76
4074,946,364,2023-10-29,557.69
4075,635,2,2023-06-04,449.16
4076,152,63,2023-08-25,629.3
4077,854,473,2023-06-21,2460.28
4078,797,60,2023-07-27,802.88
4079,469,7,2023-03-06,2492.59
4080,428,458,2023-12-24,460.12
4081,507,169,2023-09-30,2259.53
4082,131,439,2023-04-06,2239.0
4083,523,211,2023-09-18,469.09
4084,695,147,2023-07-20,1208.55
4085,707,345,2023-11-23,773.24
4086,727,317,2023-12-09,1405.93
4087,238,204,2023-09-06,1929.35
4088,65,24,2023-06-02,114.25
4089,426,74,2023-04-15,2160.52
4090,768,495,2023-05-24,515.07
4091,875,357,2023-11-30,898.75
4092,960,24,2023-08-30,1112.86
4093,669,72,2023-06-25,44.38
4094,445,78,2023-05-10,1870.03
4095,610,253,2023-11-09,1126.83
4096,729,325,2023-07-01,445.82
4097,357,48,2023-06-25,140.47
4098,432,160,2023-03-27,369.42
4099,627,98,2023-09-12,1140.95
4100,75,65,2023-05-24,733.76
4101,51,89,2023-07-15,551.23
4102,199,246,2023-05-01,1892.35
4103,393,325,2023-10-16,422.12
4104,100,304,2023-01-20,581.55
4105,795,314,2023-08-31,1848.87
4106,305,194,2023-07-20,996.56
4107,675,88,2023-03-20,1087.51
4108,987,286,2023-01-07,896.65
4109,328,468,2023-01-06,1471.14
4110,618,130,2023-08-06,2076.39
4111,941,477,2023-03-16,2126.99
4112,138,320,2023-08-27,1395.14
4113,612,272,2023-07-30,1661.21
4114,636,129,2023-02-08,1755.88
4115,240,100,2023-03-13,584.56
4116,830,110,2023-04-09,1198.81
4117,575,276,2023-05-28,145.65
4118,567,147,2023-01-07,1876.96
4119,188,86,2023-07-07,735.15
4120,3,259,2023-03-12,397.45
4121,157,267,2023-10-26,927.85
4122,281,316,2023-07-03,452.02
4123,387,161,2023-05-21,1857.36
4124,134,83,2023-01-29,2196.21
4125,139,73,2023-10-31,794.85
4126,159,391,2023-12-15,1107.24
4127,251,209,2023-09-21,2335.81
4128,390,92,2023-12-27,1504.9
4129,656,176,2023-02-12,1072.16
4130,795,159,2023-07-21,291.31
4131,140,410,2023-02-24,1127.32
4132,328,228,2023-05-07,155.24
4133,796,421,2023-12-01,2248.02
4134,618,195,2023-05-22,1017.34
4135,230,55,2023-02-17,2173.68
4136,119,235,2023-01-17,1547.66
4137,730,89,2023-02-19,550.54
4138,229,144,2023-10-28,35.47
4139,194,305,2023-09-16,2393.54
4140,156,171,2023-06-24,1980.69
4141,390,32,2023-04-10,792.69
4142,236,314,2023-05-30,2311.39
4143,435,110,2023-01-31,2462.51
4144,356,359,2023-08-13,297.88
4145,355,490,2023-10-06,2019.0
4146,853,182,2023-04-16,307.16
4147,947,304,2023-12-01,2094.22
4148,236,211,2023-11-09,1767.17
4149,503,15,2023-05-02,29.61
4150,962,253,2023-04-02,252.62
4151,160,394,2023-06-15,913.81
4152,415,53,2023-09-10,542.9
4153,890,129,2023-01-13,2227.28
4154,146,282,2023-06-15,1951.54
4155,953,197,2023-01-30,304.14
4156,267,112,2023-05-08,1750.96
4157,768,212,2023-04-15,771.87
4158,662,460,2023-08-25,1622.76
4159,981,239,2023-03-31,2092.02
4160,183,440,2023-04-08,1737.38
4161,544,435,2023-09-28,1377.81
4162,522,268,2023-01-10,1308.23
4163,39,381,2023-03-06,2163.56
4164,984,85,2023-10-29,1970.24
4165,249,320,2023-05-16,1785.45
4166,2,125,2023-12-04,2248.61
4167,303,398,2023-08-05,1165.91
4168,132,454,2023-03-24,2023.94
4169,722,397,2023-04-01,580.53
4170,301,298,2023-05-08,2201.32
4171,755,47,2023-04-24,817.95
4172,993,250,2023-04-08,341.28
4173,389,242,2023-07-15,1579.96
4174,857,247,2023-10-04,2236.11
4175,369,79,2023-05-29,504.49
4176,484,193,2023-06-17,1126.84
4177,55,275,2023-08-06,426.54
4178,59,45,2023-10-06,210.73
4179,751,156,2023-05-10,812.09
4180,186,226,2023-12-13,680.57
4181,632,237,2023-04-12,681.09
4182,483,303,2023-03-12,2217.68
4183,551,31,2023-12-15,1432.62
4184,926,173,2023-11-06,2295.15
4185,691,388,2023-03-15,1362.25
4186,648,300,2023-02-23,2438.47
4187,233,203,2023-04-22,288.25
4188,543,391,2023-12-10,568.68
4189,865,491,2023-09-30,2140.1
4190,993,370,2023-10-06,748.98
4191,996,354,2023-05-26,1018.01
4192,99,480,2023-12-23,932.38
4193,139,153,2023-09-28,950.51
4194,677,162,2023-06-26,1153.75
4195,837,26,2023-11-28,1911.19
4196,403,298,2023-09-20,845.08
4197,920,323,2023-03-22,2481.5
4198,221,290,2023-10-12,460.47
4199,10,308,2023-08-22,2098.39
4200,511,91,2023-03-16,1138.14
4201,786,256,2023-05-22,1070.11
4202,539,389,2023-05-15,187.99
4203,918,35,2023-09-27,1437.74
4204,221,490,2023-05-30,2341.53
4205,297,20,2023-12-08,1679.25
4206,12,151,2023-10-28,1064.09
4207,679,157,2023-09-19,1014.36
4208,559,32,2023-05-11,1281.31
4209,823,243,2023-10-10,841.16
4210,839,14,2023-09-26,1459.13
4211,326,45,2023-12-23,1038.68
4212,199,71,2023-10-16,101.31
4213,87,147,2023-03-24,771.33
4214,149,42,2023-12-13,807.31
4215,616,88,2023-08-30,900.33
4216,446,95,2023-08-04,2079.91
4217,313,315,2023-07-26,2061.46
4218,872,11,2023-12-30,1293.7
4219,846,282,2023-05-09,1854.1
4220,822,143,2023-11-30,13.15
4221,87,312,2023-08-20,842.37
4222,625,279,2023-08-12,1613.37
4223,831,249,2023-06-22,2422.67
4224,909,142,2023-02-27,1207.66
4225,703,285,2023-04-22,594.05
4226,653,99,2023-06-02,715.91
4227,726,419,2023-02-17,11.92
4228,364,19,2023-01-10,252.93
4229,165,205,2023-04-10,31.34
4230,780,293,2023-03-10,1447.71
4231,352,460,2023-04-06,578.68
4232,584,271,2023-08-31,1419.47
4233,113,114,2023-04-22,665.51
4234,210,187,2023-01-31,10.03
4235,630,95,2023-07-22,326.2
4236,428,55,2023-02-23,860.14
4237,393,43,2023-05-20,137.38
4238,713,204,2023-07-05,593.65
4239,481,443,2023-09-04,1395.59
4240,239,79,2023-11-24,1041.45
4241,799,41,2023-02-20,1599.98
4242,117,369,2023-02-10,903.74
4243,514,237,2023-03-30,1313.1
4244,274,53,2023-06-14,306.49
4245,251,20,2023-07-28,1335.62
4246,511,364,2023-03-12,1741.34
4247,467,16,2023-11-03,1831.47
4248,448,40,2023-09-19,394.74
4249,192,283,2023-08-26,1976.77
4250,425,94,2023-05-07,747.92
4251,709,413,2023-01-03,1754.27
4252,418,295,2023-06-25,1099.22
4253,205,81,2023-05-01,2170.52
4254,949,234,2023-01-27,1918.34
4255,262,14,2023-11-29,453.92
4256,274,332,2023-01-06,1279.11
4257,992,319,2023-06-10,1929.12
4258,964,105,2023-10-09,508.69
4259,354,284,2023-12-09,1728.73
4260,657,272,2023-07-02,1868.77
4261,990,286,2023-10-30,2403.06
4262,722,192,2023-06-19,678.08
4263,444,419,2023-12-21,1320.59
4264,86,463,2023-09-08,1063.35
4265,258,182,2023-07-04,241.55
4266,580,250,2023-03-31,1781.79
4267,433,238,2023-02-08,1253.21
4268,967,444,2023-09-03,613.75
4269,313,170,2023-09-17,1157.39
4270,617,414,2023-02-11,717.67
4271,71,214,2023-09-19,167.84
4272,730,96,2023-02-27,563.96
4273,559,382,2023-09-27,865.39
4274,585,304,2023-05-24,18.75
4275,938,166,2023-06-14,1925.81
4276,220,268,2023-07-17,1416.59
4277,215,128,2023-12-23,2222.18
4278,640,413,2023-05-09,2169.47
4279,999,158,2023-05-23,772.9
4280,142,61,2023-11-17,1748.45
4281,344,259,2023-05-25,26.23
4282,779,139,2023-01-31,2478.87
4283,497,155,2023-04-02,958.81
4284,73,63,2023-01-25,62.39
4285,953,111,2023-04-10,1262.11
4286,455,133,2023-12-10,112.7
4287,339,182,2023-09-16,2160.98
4288,519,479,2023-10-06,840.31
4289,474,274,2023-07-15,1141.04
4290,620,454,2023-10-03,1464.3
4291,926,247,2023-12-08,1206.94
4292,145,413,2023-08-11,1728.94
4293,416,264,2023-09-02,1926.69
4294,219,193,2023-10-29,233.11
4295,112,347,2023-10-24,1589.78
4296,446,25,2023-01-10,539.31
4297,183,426,2023-02-01,1593.02
4298,848,169,2023-02-07,1556.03
4299,772,457,2023-08-28,475.69
4300,652,352,2023-09-19,1899.72
4301,80,119,2023-12-27,2373.75
4302,895,118,2023-09-24,366.61
4303,827,104,2023-05-29,1821.21
4304,879,39,2023-10-12,1861.61
4305,8,392,2023-04-02,758.19
4306,866,50,2023-09-25,116.0
4307,139,405,2023-12-24,675.43
4308,538,158,2023-03-17,2182.14
4309,520,395,2023-05-25,1373.84
4310,193,319,2023-10-12,842.49
4311,87,483,2023-07-10,1171.06
4312,769,154,2023-05-25,803.82
4313,70,203,2023-07-23,882.43
4314,118,149,2023-10-05,575.53
4315,171,343,2023-11-10,383.41
4316,534,42,2023-04-11,1211.24
4317,374,35,2023-11-27,1018.25
4318,591,201,2023-06-04,998.66
4319,751,136,2023-09-09,296.23
4320,917,342,2023-04-21,1707.44
4321,382,369,2023-08-24,653.96
4322,472,138,2023-11-05,2434.85
4323,452,46,2023-05-15,939.3
4324,306,424,2023-10-07,1325.25
4325,175,437,2023-05-11,2183.27
4326,927,113,2023-09-12,480.31
4327,730,353,2023-05-25,58.43
4328,783,204,2023-06-09,1327.03
4329,790,158,2023-01-20,2097.87
4330,373,74,2023-12-26,1675.11
4331,86,39,2023-06-06,2489.21
4332,470,406,2023-04-17,1381.5
4333,403,459,2023-05-14,785.83
4334,200,161,2023-05-11,2131.76
4335,632,197,2023-07-13,693.61
4336,273,456,2023-07-21,372.75
4337,708,443,2023-09-08,895.97
4338,567,366,2023-08-22,2495.85
4339,108,323,2023-02-25,465.88
4340,949,445,2023-08-08,211.75
4341,900,337,2023-03-19,220.14
4342,175,395,2023-09-06,1216.45
4343,889,369,2023-07-07,129.91
4344,309,184,2023-01-25,1652.52
4345,918,174,2023-09-10,38.57
4346,57,67,2023-03-14,107.41
4347,860,68,2023-11-18,2251.81
4348,594,243,2023-11-09,690.51
4349,705,265,2023-03-09,1992.79
4350,912,99,2023-02-20,118.8
4351,904,115,2023-11-07,496.34
4352,62,126,2023-07-07,703.47
4353,29,344,2023-06-03,2210.02
4354,842,12,2023-04-04,202.95
4355,245,76,2023-08-15,2039.8
4356,430,285,2023-07-20,1928.52
4357,484,381,2023-04-06,177.65
4358,12,7,2023-08-05,446.07
4359,893,422,2023-04-25,1698.38
4360,274,467,2023-08-08,800.34
4361,765,321,2023-03-02,732.84
4362,348,5,2023-06-12,856.4
4363,30,120,2023-10-17,97.76
4364,197,478,2023-05-20,1112.11
4365,347,280,2023-06-05,281.44
4366,393,444,2023-09-28,1035.0
4367,833,220,2023-03-04,1359.0
4368,232,399,2023-12-15,774.82
4369,562,67,2023-06-23,2242.51
4370,93,24,2023-03-21,2232.77
4371,84,331,2023-07-12,833.29
4372,44,187,2023-11-19,639.37
4373,117,131,2023-05-19,259.98
4374,116,277,2023-11-07,1483.2
4375,764,191,2023-03-30,2114.48
4376,795,177,2023-02-19,2126.01
4377,973,130,2023-05-28,515.87
4378,730,380,2023-04-18,390.24
4379,742,343,2023-06-03,1429.35
4380,92,338,2023-12-01,102.53
4381,209,156,2024-01-01,1594.6
4382,240,141,2023-07-15,1563.55
4383,680,223,2023-09-02,75.92
4384,118,219,2023-11-09,548.83
4385,455,25,2023-08-08,548.05
4386,10,187,2023-09-06,2165.47
4387,839,127,2023-10-01,1546.5
4388,285,257,2023-11-15,172.3
4389,468,106,2023-04-01,368.72
4390,975,419,2023-10-13,2288.16
4391,384,367,2023-09-10,1360.86
4392,28,280,2023-01-29,2349.76
4393,316,434,2023-06-03,2487.26
4394,980,318,2023-03-07,289.66
4395,222,488,2023-12-08,2145.7
4396,266,360,2023-01-07,1500.15
4397,268,497,2023-01-21,1117.59
4398,702,387,2023-10-16,342.12
4399,178,123,2023-09-02,1123.04
4400,202,303,2023-08-02,749.27
4401,838,68,2023-05-19,285.58
4402,488,310,2023-02-01,755.58
4403,648,196,2023-06-27,1844.92
4404,77,317,2023-08-16,1635.05
4405,761,497,2023-10-11,1154.64
4406,101,471,2023-02-21,1805.17
4407,320,408,2023-08-04,1871.23
4408,419,234,2023-02-02,2367.95
4409,399,374,2023-11-27,1778.57
4410,363,342,2023-01-10,1233.61
4411,801,361,2023-12-16,549.11
4412,861,204,2023-08-22,2146.56
4413,787,308,2023-10-14,1153.41
4414,858,10,2023-08-12,2069.78
4415,172,390,2023-12-23,1792.49
4416,64,312,2023-01-17,1644.05
4417,403,415,2023-07-26,1979.89
4418,169,139,2023-05-09,349.64
4419,33,498,2023-10-05,2171.37
4420,854,357,2023-10-25,1209.97
4421,937,1,2023-07-10,283.06
4422,327,472,2023-06-12,1267.03
4423,73,443,2023-10-17,57.19
4424,270,1,2023-07-15,1459.93
4425,355,262,2023-11-26,1638.0
4426,911,30,2023-07-05,432.77
4427,442,408,2023-10-12,1984.24
4428,235,376,2023-03-29,107.63
4429,309,478,2023-08-08,2302.38
4430,167,250,2023-06-07,935.23
4431,662,406,2023-10-16,2460.09
4432,268,321,2023-04-23,1030.32
4433,780,491,2023-05-14,1365.42
4434,163,458,2023-07-23,864.29
4435,576,457,2023-03-01,713.13
4436,54,47,2023-04-04,754.23
4437,100,444,2023-01-28,88.97
4438,33,126,2023-11-13,353.45
4439,831,458,2023-03-19,1487.67
4440,442,374,2023-04-23,905.67
4441,735,489,2023-08-18,1615.07
4442,821,52,2023-01-17,1905.28
4443,220,317,2023-01-20,1226.52
4444,991,451,2023-11-10,2449.69
4445,727,98,2023-06-22,275.34
4446,236,360,2023-09-05,1854.95
4447,743,441,2023-03-17,1339.34
4448,155,148,2023-08-18,1853.86
4449,282,115,2023-10-08,1141.65
4450,398,90,2023-04-24,93.36
4451,504,435,2023-08-24,201.58
4452,250,137,2023-07-03,798.5
4453,294,412,2023-11-24,799.43
4454,520,427,2023-11-10,996.13
4455,104,293,2023-03-15,1974.18
4456,137,215,2023-02-28,1483.14
4457,227,433,2023-06-28,1312.78
4458,948,359,2023-11-24,128.33
4459,943,306,2023-07-14,1481.7
4460,802,97,2023-01-10,2123.59
4461,854,291,2023-06-27,283.17
4462,417,142,2023-02-09,2086.64
4463,828,235,2023-08-30,1504.77
4464,757,9,2023-01-05,60.21
4465,538,173,2023-12-08,1364.02
4466,679,390,2023-11-20,1570.32
4467,976,53,2023-10-24,2356.58
4468,57,367,2023-04-17,464.63
4469,13,26,2023-03-16,20.33
4470,821,161,2023-05-01,1824.75
4471,545,160,2023-11-15,366.83
4472,135,333,2023-03-22,1063.07
4473,667,284,2023-08-01,1216.6
4474,526,120,2023-08-24,273.43
4475,749,13,2023-04-06,1234.4
4476,106,454,2023-05-19,1691.27
4477,220,338,2023-11-18,1012.54
4478,856,13,2023-01-21,250.98
4479,485,111,2023-07-08,1763.35
4480,581,399,2023-06-22,1909.76
4481,684,310,2023-02-22,1620.45
4482,692,406,2023-10-18,2187.4
4483,141,167,2023-04-08,836.68
4484,787,14,2023-08-31,1855.34
4485,745,205,2023-01-07,1284.94
4486,706,214,2023-11-11,627.96
4487,704,94,2023-05-24,1567.29
4488,499,421,2023-11-12,1310.56
4489,41,91,2023-02-28,1336.23
4490,398,229,2023-12-18,2211.23
4491,213,423,2023-10-04,844.96
4492,839,214,2023-12-16,910.78
4493,664,455,2023-02-15,723.15
4494,371,51,2023-09-24,623.3
4495,247,428,2023-08-30,1883.89
4496,879,280,2023-02-19,1445.87
4497,483,495,2023-03-02,2432.78
4498,388,170,2023-09-03,619.59
4499,1,190,2023-04-27,1651.91
4500,122,104,2023-01-19,2296.82
4501,848,235,2023-04-26,2154.23
4502,376,169,2023-03-24,337.76
4503,39,398,2023-02-28,1868.71
4504,80,457,2023-04-14,1558.12
4505,869,137,2023-08-18,1178.09
4506,828,196,2023-11-24,2257.4
4507,598,298,2023-11-15,2243.77
4508,131,366,2023-06-14,1927.87
4509,942,209,2023-01-05,874.89
4510,111,64,2023-03-07,1227.59
4511,194,245,2023-04-11,286.3
4512,84,83,2023-01-13,39.18
4513,222,252,2023-10-22,694.37
4514,411,92,2023-08-14,1325.75
4515,246,337,2023-09-10,145.69
4516,487,150,2023-10-02,584.18
4517,219,323,2023-01-14,1401.37
4518,55,162,2023-04-16,1295.78
4519,898,1,2023-02-09,914.97
4520,440,81,2023-10-04,1721.95
4521,862,188,2023-12-01,284.56
4522,205,309,2023-01-08,1629.19
4523,833,470,2023-09-04,2305.92
4524,32,372,2023-04-13,427.18
4525,989,265,2023-02-22,1396.58
4526,842,202,2023-02-28,946.57
4527,150,110,2023-02-26,1816.0
4528,226,134,2023-06-04,789.89
4529,764,352,2023-07-07,1485.88
4530,973,167,2023-02-28,1461.51
4531,388,169,2023-04-30,658.76
4532,366,255,2023-06-09,2014.81
4533,45,301,2023-07-12,384.58
4534,329,73,2023-01-29,388.03
4535,114,287,2023-03-29,800.13
4536,610,416,2023-01-16,197.32
4537,407,32,2023-02-20,329.37
4538,235,186,2023-04-24,2199.25
4539,992,48,2023-06-04,2040.52
4540,734,11,2023-01-16,1144.11
4541,8,431,2023-02-13,603.28
4542,954,442,2023-03-28,924.57
4543,68,494,2023-06-21,122.34
4544,603,302,2023-08-28,2480.28
4545,1000,277,2023-04-20,704.95
4546,734,308,2023-01-04,1610.45
4547,321,247,2023-03-17,812.73
4548,357,348,2023-01-21,1211.41
4549,72,71,2023-01-29,110.59
4550,944,497,2023-09-25,103.73
4551,454,43,2023-04-12,2186.27
4552,145,234,2023-08-01,612.46
4553,344,337,2023-11-10,2347.01
4554,886,490,2023-09-13,1408.23
4555,458,456,2023-03-05,2240.68
4556,904,319,2023-06-30,2186.77
4557,9,188,2023-11-14,2483.05
4558,186,300,2023-11-25,274.62
4559,426,333,2023-07-11,574.46
4560,840,246,2023-11-05,588.97
4561,103,16,2023-11-17,2362.82
4562,903,500,2023-08-10,2402.42
4563,408,323,2023-10-05,1541.12
4564,730,84,2023-04-23,1539.55
4565,546,76,2023-07-30,1851.62
4566,616,146,2023-12-16,2367.9
4567,640,214,2023-11-22,78.79
4568,234,14,2023-11-13,1729.46
4569,690,174,2023-02-24,365.93
4570,498,477,2023-12-22,2098.8
4571,609,413,2023-12-07,1123.55
4572,905,280,2023-06-20,366.07
4573,770,56,2023-08-23,1772.25
4574,156,170,2023-10-20,327.3
4575,470,206,2023-11-06,2481.2
4576,526,201,2023-08-18,284.96
4577,772,323,2023-07-19,2296.49
4578,882,374,2023-08-09,1823.67
4579,688,137,2023-09-26,1040.33
4580,466,219,2023-08-28,992.96
4581,867,362,2023-07-27,1891.76
4582,524,392,2023-03-01,119.25
4583,33,44,2023-03-04,900.8
4584,387,104,2023-11-12,1759.4
4585,499,389,2024-01-01,1230.41
4586,798,291,2023-01-19,510.69
4587,17,103,2023-04-09,2356.98
4588,81,360,2023-03-14,498.6
4589,273,341,2023-06-10,1347.75
4590,717,416,2023-03-23,1068.48
4591,21,455,2023-07-14,2021.52
4592,830,498,2023-07-05,1578.22
4593,298,423,2023-11-06,36.15
4594,606,110,2023-02-19,1404.13
4595,128,72,2023-01-23,137.28
4596,796,81,2023-02-09,858.1
4597,652,2,2023-10-30,640.85
4598,434,111,2023-10-22,2324.86
4599,195,131,2023-05-31,788.45
4600,917,69,2023-04-08,1077.55
4601,215,231,2023-07-19,2185.21
4602,524,483,2023-08-05,1107.05
4603,466,160,2023-09-01,1770.91
4604,329,471,2023-05-25,335.47
4605,453,103,2023-07-20,88.65
4606,523,238,2024-01-01,443.5
4607,578,80,2023-02-27,1539.12
4608,907,126,2023-09-05,2037.54
4609,726,194,2023-05-02,2412.71
4610,549,161,2023-08-09,1283.88
4611,518,75,2023-06-04,406.25
4612,88,43,2023-12-29,323.05
4613,793,304,2023-08-17,526.35
4614,816,414,2023-11-28,841.36
4615,795,114,2023-10-23,2166.98
4616,872,303,2023-02-28,1786.0
4617,395,369,2023-05-01,1389.06
4618,15,114,2023-08-26,1779.91
4619,372,111,2023-04-26,1429.02
4620,937,332,2023-05-22,2037.49
4621,618,144,2023-03-02,1426.89
4622,400,444,2023-07-09,694.91
4623,538,348,2023-02-18,2088.76
4624,813,178,2023-10-01,1548.6
4625,425,28,2023-06-06,383.23
4626,2,272,2023-10-24,211.42
4627,814,341,2023-01-30,728.42
4628,655,288,2023-09-21,1270.95
4629,103,88,2023-12-22,1283.55
4630,630,10,2023-04-29,1036.33
4631,118,334,2023-09-04,2107.18
4632,894,356,2023-06-05,738.03
4633,874,415,2023-06-17,1684.2
4634,754,294,2023-12-14,1550.47
4635,290,141,2023-04-11,951.04
4636,703,181,2023-01-15,2249.55
4637,287,263,2023-06-08,1180.27
4638,277,358,2023-12-18,1460.43
4639,565,154,2023-09-07,2411.16
4640,49,228,2023-02-18,200.48
4641,494,302,2023-04-17,1397.7
4642,454,384,2023-10-09,323.64
4643,636,185,2023-01-21,1149.44
4644,105,443,2023-03-15,412.14
4645,434,358,2023-12-04,1592.37
4646,653,135,2023-06-17,805.19
4647,638,169,2023-07-27,32.43
4648,247,419,2023-06-02,1277.49
4649,68,93,2023-05-12,918.31
4650,720,185,2023-01-18,1667.42
4651,768,275,2023-10-14,695.87
4652,464,289,2023-06-20,396.1
4653,321,402,2023-09-24,2287.63
4654,48,154,2023-09-09,106.74
4655,162,230,2023-05-13,2365.54
4656,354,274,2023-08-30,491.48
4657,964,73,2023-03-28,1949.96
4658,872,159,2023-06-13,1002.77
4659,758,289,2023-06-18,1946.07
4660,388,181,2023-10-25,1236.32
4661,490,182,2023-05-02,835.88
4662,295,435,2023-04-11,361.81
4663,203,56,2023-05-14,2140.9
4664,782,146,2023-01-31,1950.8
4665,835,256,2023-09-23,1078.77
4666,737,409,2023-10-05,456.58
4667,47,151,2023-07-26,262.28
4668,588,85,2023-01-19,1869.83
4669,710,282,2023-09-24,2113.44
4670,577,362,2023-04-20,717.17
4671,731,182,2023-11-04,1340.3
4672,394,183,2023-04-26,565.36
4673,462,492,2023-01-15,2132.53
4674,85,252,2023-07-01,69.96
4675,483,321,2023-07-01,1451.65
4676,111,59,2023-03-25,2074.67
4677,110,24,2023-09-01,1840.72
4678,503,459,2023-06-29,2320.13
4679,532,193,2023-01-22,1999.95
4680,114,158,2023-09-10,1038.86
4681,931,367,2023-07-12,302.44
4682,850,245,2023-02-09,89.43
4683,240,460,2023-01-19,1779.09
4684,168,71,2023-12-21,912.64
4685,669,296,2023-07-01,231.26
4686,161,195,2023-10-09,1519.77
4687,395,171,2023-09-26,201.61
4688,605,388,2023-06-09,2056.89
4689,214,202,2023-05-15,2368.95
4690,27,444,2023-05-27,1954.59
4691,220,480,2023-06-19,80.06
4692,981,27,2023-10-30,582.48
4693,874,130,2023-08-19,210.09
4694,297,350,2023-08-22,57.91
4695,448,373,2023-11-07,489.41
4696,945,151,2023-11-12,1604.99
4697,150,331,2023-12-17,2265.23
4698,365,270,2023-06-08,424.68
4699,713,297,2023-07-15,1919.99
4700,635,107,2023-02-16,339.29
4701,516,194,2023-12-27,1366.29
4702,508,107,2023-08-30,1907.75
4703,765,64,2023-11-05,1287.91
4704,258,400,2023-04-10,1771.76
4705,923,297,2023-09-21,495.38
4706,320,31,2023-09-18,726.45
4707,511,242,2023-06-10,305.53
4708,682,103,2023-09-10,2294.35
4709,303,394,2023-04-24,189.93
4710,585,360,2023-07-14,2189.98
4711,761,249,2023-08-28,187.77
4712,318,492,2024-01-01,2374.96
4713,729,339,2023-10-31,1126.74
4714,977,398,2023-03-05,1340.83
4715,321,430,2023-11-03,1582.99
4716,804,169,2023-01-24,2488.89
4717,545,205,2023-08-24,2287.6
4718,44,494,2023-07-19,872.43
4719,484,342,2023-05-04,2129.09
4720,678,107,2023-08-05,61.58
4721,9,332,2023-01-14,1458.79
4722,688,7,2023-04-30,239.95
4723,651,394,2023-01-19,44.91
4724,532,332,2023-03-01,2106.58
4725,568,324,2023-09-07,2019.47
4726,846,330,2023-09-21,2325.43
4727,681,201,2023-01-27,724.06
4728,283,429,2023-08-30,1789.29
4729,246,173,2023-01-26,2068.44
4730,884,336,2023-09-23,684.71
4731,271,236,2023-02-28,447.9
4732,637,462,2023-09-03,883.33
4733,490,19,2023-02-06,1833.64
4734,901,446,2023-10-23,2030.28
4735,18,118,2023-09-07,1124.5
4736,645,87,2023-09-13,206.39
4737,715,439,2023-02-23,56.94
4738,330,410,2023-05-08,158.64
4739,796,219,2023-02-24,2057.23
4740,500,451,2023-12-26,2464.86
4741,910,63,2023-05-20,950.62
4742,197,46,2023-06-01,1184.15
4743,302,398,2023-03-12,1644.21
4744,334,445,2023-09-22,1485.93
4745,469,13,2023-10-07,166.26
4746,716,492,2023-03-05,1845.69
4747,973,181,2023-12-05,1412.73
4748,894,408,2023-05-01,674.39
4749,585,177,2023-02-14,376.11
4750,165,492,2023-11-06,1685.72
4751,655,319,2023-02-05,702.14
4752,130,56,2023-12-02,860.86
4753,438,258,2023-12-09,2309.72
4754,246,142,2023-11-22,812.4
4755,219,44,2023-08-23,151.47
4756,774,421,2023-04-04,165.66
4757,552,436,2023-09-20,1098.72
4758,445,485,2023-08-20,783.72
4759,409,447,2023-12-31,2319.29
4760,872,238,2023-02-08,2168.03
4761,37,98,2023-07-31,1046.38
4762,447,473,2023-08-06,1467.47
4763,656,451,2023-03-13,1191.07
4764,838,404,2023-02-10,1577.44
4765,999,73,2023-08-03,135.04
4766,946,152,2023-10-26,698.45
4767,410,358,2023-01-25,1034.25
4768,292,404,2023-10-23,1474.36
4769,735,98,2023-12-26,1798.55
4770,257,453,2023-06-01,331.12
4771,915,118,2023-05-04,2411.91
4772,135,258,2023-03-04,2118.52
4773,28,30,2023-01-14,2056.0
4774,671,385,2023-11-29,2471.34
4775,867,282,2023-05-06,496.75
4776,422,63,2023-03-23,124.9
4777,575,342,2023-09-10,1414.77
4778,476,375,2023-04-19,1322.34
4779,746,198,2023-07-15,423.09
4780,6,428,2023-05-01,805.69
4781,599,89,2023-09-20,328.33
4782,260,427,2023-09-19,1159.27
4783,165,105,2023-09-22,2352.05
4784,91,327,2023-10-04,1779.61
4785,603,371,2023-12-21,2372.01
4786,848,123,2023-02-25,700.06
4787,787,465,2023-11-08,1770.5
4788,265,468,2023-01-20,1328.77
4789,940,168,2023-02-13,1584.9
4790,463,314,2024-01-01,78.64
4791,905,271,2023-03-16,1029.7
4792,100,432,2023-11-10,922.72
4793,611,66,2023-08-29,680.85
4794,762,198,2023-04-05,1742.1
4795,590,480,2023-12-29,598.03
4796,364,115,2023-01-09,795.38
4797,82,164,2023-06-30,1619.28
4798,149,359,2023-10-02,1792.87
4799,117,279,2023-11-30,667.2
4800,24,343,2023-08-05,506.97
4801,97,93,2023-08-09,1860.44
4802,233,189,2023-02-04,1531.49
4803,666,393,2023-06-18,862.47
4804,215,235,2023-11-09,1317.71
4805,577,306,2023-12-16,794.59
4806,610,424,2023-11-26,1453.4
4807,307,117,2023-03-13,117.4
4808,455,17,2023-08-06,1391.76
4809,712,83,2023-08-07,734.11
4810,82,192,2023-01-15,2268.99
4811,362,11,2023-06-21,455.84
4812,175,221,2023-11-16,2037.89
4813,511,185,2023-07-05,170.18
4814,41,454,2023-04-17,1444.61
4815,144,121,2023-06-11,1643.42
4816,687,131,2023-04-28,422.03
4817,452,27,2023-01-04,198.88
4818,276,80,2023-06-26,502.99
4819,682,395,2023-08-08,1060.11
4820,158,253,2023-06-04,396.0
4821,13,28,2023-11-26,1264.86
4822,403,217,2023-11-22,684.22
4823,190,15,2023-09-14,1888.46
4824,943,188,2023-02-22,2486.93
4825,689,234,2023-11-24,94.18
4826,146,303,2023-01-17,88.45
4827,727,331,2023-05-02,2229.85
4828,79,112,2023-05-07,1174.44
4829,282,214,2023-06-17,283.9
4830,123,353,2023-07-02,600.91
4831,639,199,2023-05-14,526.65
4832,636,322,2023-07-29,1357.21
4833,437,248,2023-08-28,573.76
4834,981,388,2023-03-01,1551.41
4835,489,131,2023-04-06,933.65
4836,803,177,2023-01-31,1977.01
4837,997,464,2023-11-09,1578.02
4838,245,381,2023-12-30,1818.59
4839,486,102,2023-08-09,2355.69
4840,438,220,2023-12-26,975.72
4841,554,23,2023-10-25,570.71
4842,977,415,2023-05-26,476.3
4843,470,494,2023-12-21,473.58
4844,62,466,2023-12-12,112.82
4845,975,273,2023-04-10,1219.99
4846,670,364,2023-01-15,1937.05
4847,15,33,2023-10-09,822.37
4848,610,209,2023-03-27,2138.48
4849,440,470,2023-09-24,2355.8
4850,4,59,2023-07-14,2317.73
4851,426,226,2023-08-28,583.43
4852,416,348,2023-10-29,1924.71
4853,806,135,2023-08-15,997.65
4854,106,19,2023-12-20,2160.76
4855,307,329,2023-01-28,2049.69
4856,751,198,2023-01-18,869.76
4857,914,84,2023-05-22,1758.27
4858,83,211,2023-02-19,1692.46
4859,306,31,2023-08-22,1786.63
4860,66,349,2023-12-18,987.42
4861,508,227,2023-06-30,489.16
4862,750,166,2023-03-23,1353.32
4863,853,271,2023-07-07,2114.32
4864,847,150,2023-10-19,681.32
4865,140,499,2023-03-20,1601.59
4866,272,120,2023-08-31,1333.72
4867,182,487,2023-12-14,828.7
4868,891,500,2023-08-05,139.46
4869,729,436,2023-09-25,2379.26
4870,785,418,2023-02-21,2274.61
4871,795,345,2023-10-17,1299.5
4872,331,83,2023-01-05,760.4
4873,174,417,2023-12-13,816.28
4874,345,427,2023-06-19,1540.71
4875,897,161,2023-09-02,1637.21
4876,329,183,2023-01-04,1287.22
4877,282,118,2023-11-21,1277.93
4878,630,321,2023-05-15,1100.61
4879,824,201,2023-05-29,806.83
4880,490,386,2023-10-11,2288.0
4881,491,469,2023-06-30,746.1
4882,859,433,2023-04-07,72.11
4883,621,145,2023-08-12,506.95
4884,440,176,2023-06-17,1097.2
4885,796,225,2023-12-22,2463.21
4886,675,301,2023-10-09,2352.22
4887,267,28,2023-12-15,1804.7
4888,33,235,2023-05-02,919.61
4889,735,20,2023-01-18,764.9
4890,930,110,2023-06-23,350.44
4891,168,173,2023-02-27,942.72
4892,112,275,2023-06-28,721.48
4893,668,341,2023-05-15,1710.58
4894,842,109,2023-06-01,2024.69
4895,501,398,2023-03-29,1845.63
4896,27,245,2023-08-09,1396.1
4897,3,435,2023-02-03,672.65
4898,26,189,2023-09-23,2035.13
4899,531,9,2023-07-17,2326.38
4900,513,127,2023-08-22,1466.37
4901,619,406,2023-11-14,2397.39
4902,691,22,2023-08-08,1910.98
4903,550,279,2023-02-05,1642.61
4904,150,422,2023-12-21,894.43
4905,673,66,2023-08-07,710.46
4906,819,422,2023-04-18,348.25
4907,114,301,2023-09-10,1149.1
4908,822,269,2023-11-20,2128.46
4909,842,192,2023-04-07,1289.45
4910,247,318,2023-03-02,1146.6
4911,138,473,2023-01-31,1061.53
4912,117,219,2023-08-26,461.67
4913,911,146,2023-07-14,1410.78
4914,863,266,2023-01-10,784.18
4915,123,450,2023-03-10,1038.0
4916,395,1,2023-09-16,1194.4
4917,79,384,2023-02-01,1316.05
4918,838,441,2023-04-10,1143.77
4919,338,174,2023-02-02,2088.62
4920,834,341,2023-11-06,328.78
4921,432,454,2023-07-02,267.09
4922,484,246,2023-01-21,883.1
4923,528,238,2023-07-12,1084.56
4924,487,314,2023-12-18,2469.68
4925,390,496,2023-07-09,907.59
4926,232,131,2023-05-29,1406.89
4927,528,451,2023-02-14,146.1
4928,951,132,2023-09-14,766.2
4929,772,319,2023-05-01,811.73
4930,489,41,2023-03-23,383.78
4931,493,486,2023-01-29,546.16
4932,13,50,2023-11-04,1327.07
4933,918,101,2023-05-24,1720.69
4934,58,382,2023-02-24,566.65
4935,866,429,2023-07-13,1574.29
4936,658,435,2023-11-19,290.79
4937,728,250,2023-08-20,2223.28
4938,356,342,2023-08-10,576.2
4939,701,489,2023-11-18,864.9
4940,337,205,2023-03-17,811.18
4941,773,200,2023-01-28,260.87
4942,694,119,2023-07-23,1859.02
4943,736,349,2023-11-16,1164.17
4944,903,283,2023-07-15,1428.28
4945,870,39,2023-06-12,103.15
4946,399,32,2023-06-19,1195.41
4947,302,226,2023-05-10,2368.99
4948,791,225,2023-10-27,129.83
4949,729,265,2023-10-17,67.03
4950,11,280,2023-11-23,117.84
4951,578,142,2023-11-05,1774.07
4952,70,159,2023-05-10,937.08
4953,438,335,2023-09-09,951.32
4954,164,60,2023-12-27,2235.75
4955,278,405,2023-07-18,727.78
4956,719,39,2023-01-25,1452.8
4957,283,165,2023-04-10,519.63
4958,325,484,2023-09-05,2143.04
4959,345,297,2023-11-28,1858.22
4960,572,285,2023-10-23,2007.01
4961,275,417,2023-04-25,33.29
4962,779,491,2023-09-18,703.8
4963,958,254,2023-10-07,860.62
4964,120,461,2023-01-14,2086.67
4965,618,9,2023-02-11,1194.6
4966,516,118,2023-09-10,1757.24
4967,437,244,2023-07-13,498.64
4968,276,253,2023-09-12,2230.43
4969,123,104,2023-09-29,583.1
4970,326,293,2023-08-02,2114.22
4971,941,311,2023-04-27,1779.04
4972,443,262,2023-01-26,511.79
4973,139,363,2023-06-24,1186.47
4974,21,459,2023-12-25,553.08
4975,602,154,2023-02-27,2189.62
4976,450,54,2023-11-13,410.71
4977,164,22,2023-07-12,1317.39
4978,870,152,2023-05-07,1906.44
4979,407,37,2023-02-19,680.95
4980,905,335,2023-03-20,743.62
4981,477,69,2023-04-07,546.08
4982,492,270,2023-05-17,2424.03
4983,493,286,2023-10-01,1641.17
4984,224,293,2023-04-17,2462.04
4985,421,162,2023-01-02,2407.56
4986,390,466,2023-05-14,150.75
4987,767,408,2023-11-19,2471.94
4988,983,407,2023-08-28,1962.49
4989,140,148,2023-09-24,2183.86
4990,169,377,2023-07-04,1189.25
4991,375,143,2023-01-15,1406.02
4992,839,293,2023-11-16,2322.57
4993,740,245,2023-05-17,1980.66
4994,53,32,2023-12-19,1615.85
4995,460,93,2023-05-23,1498.58
4996,419,173,2023-01-09,2062.11
4997,216,57,2023-02-21,411.91
4998,739,300,2023-01-08,2084.5
4999,641,41,2023-09-28,1001.05
5000,907,397,2023-01-03,2471.62
